stock,strike,maturity,spot,vol,div_yield,price,delta,gamma,theta,vega,moneyness
MCD,150.0,0.1,250.0,0.15,0.025,99.67548079926505,0.9975031223974601,1.9079605815342663e-27,0.008877776764334593,1.788713045188375e-26,0.6
MCD,150.0,0.2,250.0,0.15,0.025,99.35192139657187,0.995012479192671,5.256680975584084e-15,0.008851517881968715,9.856276829220158e-14,0.6
MCD,150.0,0.30000000000000004,250.0,0.15,0.025,99.02931909738305,0.992528054602533,6.742217749328816e-11,0.00882533261039619,1.8962487419987303e-09,0.6
MCD,150.0,0.4,250.0,0.15,0.025,98.70767134185365,0.9900498027114681,7.308699064995777e-09,0.00879920696245857,2.7407621493734165e-07,0.6
MCD,150.0,0.5,250.0,0.15,0.025,98.3869782933036,0.9875771771011373,1.1842399394888923e-07,0.008772952795539038,5.551124716354183e-06,0.6
MCD,150.0,0.6,250.0,0.15,0.025,98.0672567234848,0.9851072713735926,7.450367393695301e-07,0.00874576813624471,4.190831658953607e-05,0.6
MCD,150.0,0.7000000000000001,250.0,0.15,0.025,97.7485685128546,0.9826323892437523,2.7364622525348355e-06,0.008715993922713614,0.00017958033532259858,0.6
MCD,150.0,0.8,250.0,0.15,0.025,97.43104693045666,0.9801395272842562,7.1907883292280816e-06,0.00868147760183689,0.0005393091246921061,0.6
MCD,150.0,0.9,250.0,0.15,0.025,97.11490310507068,0.977612273654873,1.5130333235419513e-05,0.008640205174284524,0.0012766218667385216,0.6
MCD,150.0,1.0,250.0,0.15,0.025,96.80041171622716,0.9750336602407716,2.7268651428020237e-05,0.008590759011205974,0.0025564360713768975,0.6
MCD,160.0,0.1,250.0,0.15,0.025,89.69546081259173,0.9975031223974601,1.777593697052287e-21,0.008330926354105917,1.6664940909865194e-20,0.64
MCD,160.0,0.2,250.0,0.15,0.025,89.39184150316265,0.9950124791800845,5.119600242125798e-12,0.008305760069694905,9.599250453985871e-11,0.64
MCD,160.0,0.30000000000000004,250.0,0.15,0.025,89.0891395436307,0.992528030495892,6.664194239443406e-09,0.008280652447207956,1.874304629843459e-07,0.64
MCD,160.0,0.4,250.0,0.15,0.025,88.78735730054618,0.990048725771707,2.301416241026486e-07,0.00825519516409893,8.630310903849322e-06,0.64
MCD,160.0,0.5,250.0,0.15,0.025,88.48654190065369,0.9875666197608622,1.8772448861755022e-06,0.008227038835352219,8.799585403947667e-05,0.64
MCD,160.0,0.6,250.0,0.15,0.025,88.1868761253427,0.9850590536986835,7.4738263610931666e-06,0.008191250151972782,0.00042040273281149064,0.64
MCD,160.0,0.7000000000000001,250.0,0.15,0.025,87.8887406405357,0.9824903632668781,1.9797704574602838e-05,0.008142376728398067,0.0012992243627083114,0.64
MCD,160.0,0.8,250.0,0.15,0.025,87.59268786649238,0.9798217557702583,4.071429601208167e-05,0.0080767225004361,0.003053572200906125,0.64
MCD,160.0,0.9,250.0,0.15,0.025,87.2993593317205,0.9770205248320726,7.07979400627394e-05,0.007993104222103798,0.005973576192793636,0.64
MCD,160.0,1.0,250.0,0.15,0.025,87.00939906695262,0.9740646254399361,0.00010954615827802106,0.00789244964547874,0.010269952338564474,0.64
MCD,170.0,0.1,250.0,0.15,0.025,79.71544082591836,0.9975031223974599,1.3328440598343612e-16,0.007784075943876981,1.2495413060947135e-15,0.68
MCD,170.0,0.2,250.0,0.15,0.025,79.43176162082094,0.9950124751958905,1.4137293277839727e-09,0.007759999540774927,2.650742489594949e-08,0.68
MCD,170.0,0.30000000000000004,250.0,0.15,0.025,79.14896467941409,0.992526866765859,2.8418794783843696e-07,0.007735446732588442,7.992786032956042e-06,0.68
MCD,170.0,0.4,250.0,0.15,0.025,78.86714656975994,0.9900286257789088,3.856710843574382e-06,0.0077045670241286226,0.00014462665663403935,0.68
MCD,170.0,0.5,250.0,0.15,0.025,78.58678105878278,0.9874559170379462,1.7962268048683152e-05,0.0076532213637023495,0.0008419813147820228,0.68
MCD,170.0,0.6,250.0,0.15,0.025,78.30887263708112,0.9847160890223021,4.921854889337069e-05,0.0075683993748735575,0.0027685433752521016,0.68
MCD,170.0,0.7000000000000001,250.0,0.15,0.025,78.03475290744265,0.9817264482851804,9.98400089522645e-05,0.0074456249649610074,0.006552000587492358,0.68
MCD,170.0,0.8,250.0,0.15,0.025,77.76576557153788,0.9784376361560556,0.00016807947371598838,0.0072881684292308855,0.012605960528699127,0.68
MCD,170.0,0.9,250.0,0.15,0.025,77.50304977714458,0.9748349959180336,0.0002501395441509116,0.007103357187559791,0.021105524037733168,0.68
MCD,170.0,1.0,250.0,0.15,0.025,77.24745124763328,0.9709299410499598,0.0003417228897581914,0.006899554916175033,0.032036520914830446,0.68
MCD,180.0,0.1,250.0,0.15,0.025,69.73542083924832,0.9975031223954858,1.178335063954208e-12,0.007237225531372076,1.10468912245707e-11,0.72
MCD,180.0,0.2,250.0,0.15,0.025,69.47168313101449,0.9950120390325892,1.3398578273914554e-07,0.0072139849387877755,2.5122334263589787e-06,0.72
MCD,180.0,0.30000000000000004,250.0,0.15,0.025,69.20891510620376,0.9924993255375709,5.938805508855728e-06,0.007179799277870204,0.00016702890493656739,0.72
MCD,180.0,0.4,250.0,0.15,0.025,68.94818109826858,0.9898099103455962,3.7845219108965415e-05,0.007094838603318838,0.0014191957165862034,0.72
MCD,180.0,0.5,250.0,0.15,0.025,68.69201234633161,0.9867046680773303,0.00011198901299815639,0.006927339197969771,0.005249484984288582,0.72
MCD,180.0,0.6,250.0,0.15,0.025,68.44346488636631,0.9830225560872947,0.00022678965932739888,0.006679961681155799,0.012756918337166188,0.72
MCD,180.0,0.7000000000000001,250.0,0.15,0.025,68.20507641885479,0.9787259795154921,0.0003706800364019693,0.006374998910072128,0.02432587738887924,0.72
MCD,180.0,0.8,250.0,0.15,0.025,67.97848191892538,0.9738634878630159,0.0005307125675220235,0.006037648559365354,0.03980344256415176,0.72
MCD,180.0,0.9,250.0,0.15,0.025,67.76446773713116,0.9685244329879159,0.0006963225550657569,0.005688611231361391,0.05875221558367324,0.72
MCD,180.0,1.0,250.0,0.15,0.025,67.56317449813668,0.9628087754863186,0.0008600603217469232,0.005342587796143361,0.08063065516377406,0.72
MCD,190.0,0.1,250.0,0.15,0.025,59.75540085907744,0.9975031190664975,1.6747494845468902e-09,0.006690371886182027,1.5700776417627097e-08,0.76
MCD,190.0,0.2,250.0,0.15,0.025,59.511675789779105,0.9949927690467788,5.089328765988104e-06,0.006658619295384851,9.542491436227696e-05,0.76
MCD,190.0,0.30000000000000004,250.0,0.15,0.025,59.270679973569145,0.9921456560993412,6.744366113370857e-05,0.006515546151673753,0.0018968529693855543,0.76
MCD,190.0,0.4,250.0,0.15,0.025,59.03861280669969,0.9883124744144828,0.00023500287846905035,0.006166921781448069,0.008812607942589389,0.76
MCD,190.0,0.5,250.0,0.15,0.025,58.82246041538491,0.9831960162962251,0.00048409394288783986,0.005657714178314979,0.022691903572867496,0.76
MCD,190.0,0.6,250.0,0.15,0.025,58.62648739399762,0.9769087449176508,0.0007700262482246129,0.005074632803408454,0.04331397646263448,0.76
MCD,190.0,0.7000000000000001,250.0,0.15,0.025,58.45209897569575,0.9697261364534624,0.00105918773088093,0.004483447333712575,0.06950919483906105,0.76
MCD,190.0,0.8,250.0,0.15,0.025,58.29882653239571,0.9619329044477006,0.0013324524333625822,0.003921950805478012,0.09993393250219366,0.76
MCD,190.0,0.9,250.0,0.15,0.025,58.16521284612591,0.9537672343615837,0.0015809064050109265,0.0034080506406881936,0.13338897792279691,0.76
MCD,190.0,1.0,250.0,0.15,0.025,58.049382684070025,0.9454112787020059,0.0018016369961437776,0.002947878737384422,0.1689034683884792,0.76
MCD,200.0,0.1,250.0,0.15,0.025,49.77538366220932,0.997501931314491,4.935315527106858e-07,0.0061425700630528815,4.6268583066626795e-06,0.8
MCD,200.0,0.2,250.0,0.15,0.025,49.553340015628635,0.9946032091256729,8.799074318312728e-05,0.005951924165531585,0.0016498264346836364,0.8
MCD,200.0,0.30000000000000004,250.0,0.15,0.025,49.34789357437387,0.9894682577547045,0.00045309376522382615,0.005219757917829741,0.012743262146920113,0.8
MCD,200.0,0.4,250.0,0.15,0.025,49.176267223482085,0.981444508613765,0.0009841365581892078,0.004159890308931672,0.036905120932095296,0.8
MCD,200.0,0.5,250.0,0.15,0.025,49.044477261312636,0.9713312892728995,0.0015266974237248196,0.003072861728111954,0.07156394173710093,0.8
MCD,200.0,0.6,250.0,0.15,0.025,48.95054571465067,0.9600681135610853,0.0020101244558005113,0.0020978830089305087,0.11306950063877878,0.8
MCD,200.0,0.7000000000000001,250.0,0.15,0.025,48.889489228845235,0.9483353090548474,0.002415701581522745,0.0012730650585952988,0.15853041628743017,0.8
MCD,200.0,0.8,250.0,0.15,0.025,48.85583155825307,0.9365600476939783,0.0027462290041167987,0.0005941764993504353,0.20596717530875988,0.8
MCD,200.0,0.9,250.0,0.15,0.025,48.84456021881951,0.9249927100466653,0.0030114828905122727,4.296762888569831e-05,0.254093868886973,0.8
MCD,200.0,1.0,250.0,0.15,0.025,48.851394578023616,0.9137715223818215,0.0032223513873913573,-0.00040129732800492807,0.30209544256793974,0.8
MCD,210.0,0.1,250.0,0.15,0.025,39.795685548991855,0.9973907767243944,3.7231269225366776e-05,0.005524586152633548,0.0003490431489878135,0.84
MCD,210.0,0.2,250.0,0.15,0.025,39.614983593061226,0.9906088510849405,0.0007694429116963936,0.00408094846145445,0.014427054594307381,0.84
MCD,210.0,0.30000000000000004,250.0,0.15,0.025,39.50780874172523,0.9766703563535801,0.0019318630522712867,0.0017880901688992615,0.05433364834512996,0.84
MCD,210.0,0.4,250.0,0.15,0.025,39.48029233258271,0.9592128257368921,0.0029300027766947585,-0.00019598992750885608,0.10987510412605346,0.84
MCD,210.0,0.5,250.0,0.15,0.025,39.51583141361792,0.941027462177462,0.003664209442268765,-0.0016706748167151758,0.17175981760634837,0.84
MCD,210.0,0.6,250.0,0.15,0.025,39.5970486862837,0.9233907779879911,0.004178881256245888,-0.0027180724303759655,0.2350620706638312,0.84
MCD,210.0,0.7000000000000001,250.0,0.15,0.025,39.71041664570575,0.9067888269825943,0.004532271466178945,-0.0034494767342868825,0.29743031496799327,0.84
MCD,210.0,0.8,250.0,0.15,0.025,39.84611393612818,0.8913529748512258,0.004770743214325239,-0.0039542885624269525,0.35780574107439295,0.84
MCD,210.0,0.9,250.0,0.15,0.025,39.99711616512971,0.877063555459763,0.004927580877299017,-0.004297078182804309,0.4157646365221045,0.84
MCD,210.0,1.0,250.0,0.15,0.025,40.158387450992336,0.8638413272316825,0.005026081351206211,-0.004523271347965527,0.4711951266755823,0.84
MCD,220.0,0.1,250.0,0.15,0.025,29.827718016230335,0.9941284984465628,0.0008574919691897861,0.0033870984727294284,0.008038987211154246,0.88
MCD,220.0,0.2,250.0,0.15,0.025,29.80863063185268,0.9679870247762506,0.0037165804565529492,-0.002211134903853219,0.0696858835603678,0.88
MCD,220.0,0.30000000000000004,250.0,0.15,0.025,29.962174757934747,0.9357598610243784,0.005544024117185881,-0.0058334209204305605,0.15592567829585294,0.88
MCD,220.0,0.4,250.0,0.15,0.025,30.213506242825986,0.9061465209465448,0.006481232865841194,-0.007726475569191476,0.24304623246904483,0.88
MCD,220.0,0.5,250.0,0.15,0.025,30.514789223209846,0.8804518396051421,0.006933210320119067,-0.00866863814346053,0.3249942337555813,0.88
MCD,220.0,0.6,250.0,0.15,0.025,30.84013726059996,0.8583138669303154,0.007125091465105299,-0.009096259883636352,0.4007863949121731,0.88
MCD,220.0,0.7000000000000001,250.0,0.15,0.025,31.175369411292394,0.8391213720619041,0.0071737081564581815,-0.009237272449880636,0.47077459776756825,0.88
MCD,220.0,0.8,250.0,0.15,0.025,31.512482601019713,0.8223208726179967,0.007141457630850503,-0.009214210010681838,0.5356093223137877,0.88
MCD,220.0,0.9,250.0,0.15,0.025,31.84685648255902,0.8074653067725294,0.007063035467189484,-0.009095693286988393,0.5959436175441127,0.88
MCD,220.0,1.0,250.0,0.15,0.025,32.175798438748274,0.7942040258279924,0.0069584511416192095,-0.008921616322989177,0.6523547945268008,0.88
MCD,230.0,0.1,250.0,0.15,0.025,20.020066002185757,0.9593195818793085,0.006993783030085062,-0.009090281905851252,0.06556671590704745,0.92
MCD,230.0,0.2,250.0,0.15,0.025,20.518837588515936,0.8919849655063302,0.010679867316968975,-0.01639431163997418,0.20024751219316822,0.92
MCD,230.0,0.30000000000000004,250.0,0.15,0.025,21.147836867506925,0.8439441719448226,0.011251942498889542,-0.01762639758150833,0.31646088278126844,0.92
MCD,230.0,0.4,250.0,0.15,0.025,21.78801628398969,0.8092065912897113,0.011054778782916238,-0.017330473334098765,0.41455420435935897,0.92
MCD,230.0,0.5,250.0,0.15,0.025,22.408112216997097,0.7827870254544058,0.010654199581147565,-0.016615309737908035,0.4994156053662922,0.92
MCD,230.0,0.6,250.0,0.15,0.025,22.99985821651768,0.76183177776448,0.010213460460864174,-0.01580562328769635,0.5745071509236097,0.92
MCD,230.0,0.7000000000000001,250.0,0.15,0.025,23.562093067152745,0.7446594227641185,0.00978479875135744,-0.015007864334931495,0.6421274180578321,0.92
MCD,230.0,0.8,250.0,0.15,0.025,24.096012876182613,0.730222807467416,0.009384569411597835,-0.014257059179922753,0.7038427058698375,0.92
MCD,230.0,0.9,250.0,0.15,0.025,24.60354584278386,0.7178358438243232,0.009016414738374608,-0.013562468195297443,0.7607599935503576,0.92
MCD,230.0,1.0,250.0,0.15,0.025,25.086753296702028,0.7070293664178676,0.008679347571063667,-0.01292368352588429,0.8136888347872189,0.92
MCD,240.0,0.1,250.0,0.15,0.025,11.129826730327409,0.8068611138321138,0.02290884703482187,-0.040757836012225865,0.2147704409514551,0.96
MCD,240.0,0.2,250.0,0.15,0.025,12.498174754347133,0.7310623737733782,0.01944368316390218,-0.03426725551319193,0.36456905932316586,0.96
MCD,240.0,0.30000000000000004,250.0,0.15,0.025,13.653290304212362,0.6931425006291823,0.01684279060916655,-0.02932354305534112,0.4737034858828094,0.96
MCD,240.0,0.4,250.0,0.15,0.025,14.656093018239034,0.6693133797629042,0.015004569352686807,-0.025809107509697265,0.5626713507257554,0.96
MCD,240.0,0.5,250.0,0.15,0.025,15.548048520421048,0.6524788867541695,0.01363598349787945,-0.023181483063274944,0.6391867264630993,0.96
MCD,240.0,0.6,250.0,0.15,0.025,16.355268817684703,0.6397001304947638,0.012569943463385752,-0.021127427282797137,0.7070593198154485,0.96
MCD,240.0,0.7000000000000001,250.0,0.15,0.025,17.09509646481743,0.6295146676764514,0.011710237942889737,-0.019465659697814885,0.7684843650021389,0.96
MCD,240.0,0.8,250.0,0.15,0.025,17.77966859660077,0.6211031985688065,0.01099811432834762,-0.01808514182733259,0.8248585746260715,0.96
MCD,240.0,0.9,250.0,0.15,0.025,18.417851005524767,0.6139668596785829,0.01039566433808534,-0.01691407093974666,0.8771341785259505,0.96
MCD,240.0,1.0,250.0,0.15,0.025,19.016346997480582,0.6077824906003396,0.009877272591680046,-0.01590384174746574,0.9259943054700043,0.96
MCD,250.0,0.1,250.0,0.15,0.025,4.6577012674514435,0.5039948106691836,0.033554854711606005,-0.06265783474085608,0.3145767629213064,1.0
MCD,250.0,0.2,250.0,0.15,0.025,6.535479042392538,0.5049025855645863,0.023665567837810472,-0.043501409789470966,0.4437293969589463,1.0
MCD,250.0,0.30000000000000004,250.0,0.15,0.025,7.951819657225499,0.5052997844539452,0.01927293535038114,-0.03496060697130081,0.5420513067294697,1.0
MCD,250.0,0.4,250.0,0.15,0.025,9.12778401290754,0.5054321578770007,0.016647731427051487,-0.02983860351244157,0.6242899285144308,1.0
MCD,250.0,0.5,250.0,0.15,0.025,10.149217124075804,0.505395160825775,0.014851715423383012,-0.026322970174116292,0.6961741604710788,1.0
MCD,250.0,0.6,250.0,0.15,0.025,11.060254040642107,0.505237878988762,0.013522673448639359,-0.0237133625726733,0.760650381485964,1.0
MCD,250.0,0.7000000000000001,250.0,0.15,0.025,11.887176929335567,0.5049895477348949,0.01248721905822281,-0.021674234046733104,0.8194737506958719,1.0
MCD,250.0,0.8,250.0,0.15,0.025,12.647151710996766,0.5046692646707086,0.011650547143471808,-0.02002194889094601,0.8737910357603854,1.0
MCD,250.0,0.9,250.0,0.15,0.025,13.352130877579953,0.5042903289009979,0.010955863809321382,-0.018646400581510274,0.9244010089114917,1.0
MCD,250.0,1.0,250.0,0.15,0.025,14.010838173206011,0.5038624478941882,0.010366793417859961,-0.01747700492767378,0.9718868829243713,1.0
MCD,260.0,0.1,250.0,0.15,0.025,1.3570653042096765,0.20739813298819118,0.024100670850491026,-0.04564217868337553,0.22594378922335337,1.04
MCD,260.0,0.2,250.0,0.15,0.025,2.8729102345938458,0.2842604819178851,0.02016599036974102,-0.03771624156612308,0.3781123194326442,1.04
MCD,260.0,0.30000000000000004,250.0,0.15,0.025,4.14154689378087,0.32228754827815015,0.017385750503958512,-0.03216072725992473,0.48897423292383335,1.04
MCD,260.0,0.4,250.0,0.15,0.025,5.240982430016899,0.3458759698025409,0.015451552273050844,-0.028293720770233868,0.5794332102394067,1.04
MCD,260.0,0.5,250.0,0.15,0.025,6.2190772647360575,0.362253581306088,0.014022212982475161,-0.02543060268870005,0.6572912335535233,1.04
MCD,260.0,0.6,250.0,0.15,0.025,7.1051120912622,0.3744166175311075,0.012913711844692302,-0.023205015416603136,0.726396291263942,1.04
MCD,260.0,0.7000000000000001,250.0,0.15,0.025,7.918262852836705,0.383861034111584,0.012022338967806707,-0.021411001471350347,0.7889659947623151,1.04
MCD,260.0,0.8,250.0,0.15,0.025,8.671837561735103,0.39142862656864114,0.011285494421123522,-0.019924358165498552,0.8464120815842641,1.04
MCD,260.0,0.9,250.0,0.15,0.025,9.37550285705342,0.397634545450061,0.010663083412441033,-0.01866555420662728,0.8996976629247121,1.04
MCD,260.0,1.0,250.0,0.15,0.025,10.036538147200147,0.40281431542815904,0.010128150729873359,-0.017581115958117816,0.9495141309256273,1.04
MCD,270.0,0.1,250.0,0.15,0.025,0.26420931685914795,0.05364055849995877,0.00919203167782286,-0.017509075038375527,0.08617529697958932,1.08
MCD,270.0,0.2,250.0,0.15,0.025,1.0509574607794079,0.1288802080773139,0.012519505998645567,-0.023618241769823106,0.23474073747460436,1.08
MCD,270.0,0.30000000000000004,250.0,0.15,0.025,1.9220734206584495,0.1790321289477776,0.012696660260885928,-0.023740020866678153,0.3570935698374168,1.08
MCD,270.0,0.4,250.0,0.15,0.025,2.7707986553591297,0.21410771591109776,0.012238618034254885,-0.022691034759834004,0.45894817628455825,1.08
MCD,270.0,0.5,250.0,0.15,0.025,3.5763476259865925,0.2401520698880571,0.011660988046993271,-0.02144497309770504,0.5466088147028096,1.08
MCD,270.0,0.6,250.0,0.15,0.025,4.336855700841653,0.2603793459620925,0.01109367825324917,-0.02024118143930513,0.6240194017452659,1.08
MCD,270.0,0.7000000000000001,250.0,0.15,0.025,5.0551962023457975,0.2766205276838149,0.010570339388406574,-0.019138055613210105,0.6936785223641816,1.08
MCD,270.0,0.8,250.0,0.15,0.025,5.7352474687626795,0.28999455707253324,0.010096646931556881,-0.01814248418639729,0.757248519866766,1.08
MCD,270.0,0.9,250.0,0.15,0.025,6.380808505474306,0.3012260859265623,0.009669783576408783,-0.01724635013601298,0.815887989259491,1.08
MCD,270.0,1.0,250.0,0.15,0.025,6.995298626713051,0.31080696439834443,0.009284659859805337,-0.016437977495598458,0.8704368618567504,1.08
MCD,280.0,0.1,250.0,0.15,0.025,0.034085485569315566,0.008728827291608367,0.001994861998885241,-0.0038110810935350374,0.01870183123954914,1.12
MCD,280.0,0.2,250.0,0.15,0.025,0.31960421945945505,0.04714719288828351,0.005861806974304185,-0.011113032748789277,0.10990888076820346,1.12
MCD,280.0,0.30000000000000004,250.0,0.15,0.025,0.7953269172568582,0.08680528454640699,0.007681537318272371,-0.014456624062690727,0.21604323707641046,1.12
MCD,280.0,0.4,250.0,0.15,0.025,1.3502489461973681,0.12014809773383256,0.008416822901766844,-0.015728461648530343,0.3156308588162567,1.12
MCD,280.0,0.5,250.0,0.15,0.025,1.9324570795647062,0.14754409460782383,0.008660549660390367,-0.01607224580852302,0.4059632653307985,1.12
MCD,280.0,0.6,250.0,0.15,0.025,2.518386117376167,0.1702412027575769,0.008672584443770026,-0.01598559372940083,0.4878328749620639,1.12
MCD,280.0,0.7000000000000001,250.0,0.15,0.025,3.0969570889074376,0.18931026167584697,0.008571640523311221,-0.01569413088789108,0.5625139093422988,1.12
MCD,280.0,0.8,250.0,0.15,0.025,3.662909787051831,0.20555564298267423,0.008415476706658659,-0.015306655643561613,0.6311607529993993,1.12
MCD,280.0,0.9,250.0,0.15,0.025,4.213855426582214,0.2195692613624001,0.008233689784551513,-0.01487828614939216,0.6947175755715338,1.12
MCD,280.0,1.0,250.0,0.15,0.025,4.748883382189561,0.23178974037263445,0.00804201167834971,-0.014437875666383713,0.7539385948452854,1.12
MCD,290.0,0.1,250.0,0.15,0.025,0.0029489516180712383,0.0009149669364815982,0.00026163302450500343,-0.0005007069387729235,0.0024528096047344073,1.16
MCD,290.0,0.2,250.0,0.15,0.025,0.08121730030775831,0.014051552556043621,0.002133231694124545,-0.0040568212280277,0.039998094264835214,1.16
MCD,290.0,0.30000000000000004,250.0,0.15,0.025,0.29445680311284406,0.036958873665282214,0.003928230189073583,-0.0074245181467082295,0.11048147406769455,1.16
MCD,290.0,0.4,250.0,0.15,0.025,0.6081903019203629,0.06139119113405792,0.005102324885470517,-0.009585395589425965,0.1913371832051444,1.16
MCD,290.0,0.5,250.0,0.15,0.025,0.983411526655992,0.08430573562243217,0.005814174424923817,-0.01085764655469424,0.2725394261683039,1.16
MCD,290.0,0.6,250.0,0.15,0.025,1.3940323661423584,0.10495738148471395,0.006232174303214622,-0.011569644336353537,0.35055980455582253,1.16
MCD,290.0,0.7000000000000001,250.0,0.15,0.025,1.8238022759845087,0.12335242892918169,0.006466377311898428,-0.011934260180129904,0.42435601109333443,1.16
MCD,290.0,0.8,250.0,0.15,0.025,2.262604971750214,0.1397147520476688,0.00658423531542831,-0.012081218949769698,0.4938176486571232,1.16
MCD,290.0,0.9,250.0,0.15,0.025,2.704060628123834,0.1543079571382123,0.006627244261484224,-0.01208990400649549,0.5591737345627315,1.16
MCD,290.0,1.0,250.0,0.15,0.025,3.1440954183630367,0.1673784265418604,0.006621443254488431,-0.012009855744568743,0.6207603051082904,1.16
MCD,300.0,0.1,250.0,0.15,0.025,0.00017496851373539207,6.378197726051362e-05,2.1860021612820848e-05,-4.1882468094970706e-05,0.00020493770262019546,1.2
MCD,300.0,0.2,250.0,0.15,0.025,0.017399655340422426,0.0034574107072860923,0.000619529422997214,-0.0011806489563123289,0.011616176681197764,1.2
MCD,300.0,0.30000000000000004,250.0,0.15,0.025,0.09806807597183242,0.013929461544106334,0.0017281288999198266,-0.0032759382035796127,0.04860362531024513,1.2
MCD,300.0,0.4,250.0,0.15,0.025,0.25418389482871806,0.028725351651974596,0.0027626442256477,-0.005209572201909579,0.10359915846178877,1.2
MCD,300.0,0.5,250.0,0.15,0.025,0.47273020379684283,0.04499761217218058,0.003565754971139746,-0.006688958478880742,0.1671447642721756,1.2
MCD,300.0,0.6,250.0,0.15,0.025,0.7373763221154856,0.06123356396445942,0.0041531162741133,-0.007750329859830219,0.23361279041887312,1.2
MCD,300.0,0.7000000000000001,250.0,0.15,0.025,1.034583223764752,0.07675321115051252,0.0045725723193821,-0.008488922557950966,0.3000750584594503,1.2
MCD,300.0,0.8,250.0,0.15,0.025,1.3541896465761418,0.09129363659859045,0.004867754493499755,-0.008990243944006177,0.3650815870124816,1.2
MCD,300.0,0.9,250.0,0.15,0.025,1.6887823407917892,0.10478972593123195,0.005072077819317632,-0.009319292910898176,0.4279565660049252,1.2
MCD,300.0,1.0,250.0,0.15,0.025,2.0329807952275516,0.11726686808031864,0.00520989869019228,-0.009523196754894514,0.48842800220552635,1.2
MCD,310.0,0.1,250.0,0.15,0.025,7.312075838413336e-06,3.058578931368741e-06,1.2187455274914635e-06,-2.3368794077711125e-06,1.1425739320232472e-05,1.24
MCD,310.0,0.2,250.0,0.15,0.025,0.00317654977927323,0.0007125890870321916,0.0001469504768462567,-0.0002804665388442426,0.0027553214408673134,1.24
MCD,310.0,0.30000000000000004,250.0,0.15,0.025,0.029568654660346416,0.004688329862852543,0.0006642028489520803,-0.0012618242267059146,0.018680705126777265,1.24
MCD,310.0,0.4,250.0,0.15,0.025,0.09900760021429278,0.01238466028776253,0.00135162846719005,-0.002555898051038397,0.05068606751962688,1.24
MCD,310.0,0.5,250.0,0.15,0.025,0.21538280397992793,0.02254084775479893,0.0020163621102850166,-0.0037952627206056296,0.09451697391961016,1.24
MCD,310.0,0.6,250.0,0.15,0.025,0.3737219459497698,0.03393453724639664,0.002586510402582242,-0.004845883606407253,0.14549121014525113,1.24
MCD,310.0,0.7000000000000001,250.0,0.15,0.025,0.5666016796605629,0.04575006481127769,0.003051025230961398,-0.005689678084691576,0.20022353078184177,1.24
MCD,310.0,0.8,250.0,0.15,0.025,0.7868193047922585,0.05750355817933174,0.003420366862296473,-0.006348848263649857,0.25652751467223545,1.24
MCD,310.0,0.9,250.0,0.15,0.025,1.028204902716361,0.06892579935911608,0.003710204890399884,-0.006854839633723826,0.31304853762749024,1.24
MCD,310.0,1.0,250.0,0.15,0.025,1.2857240647119,0.07987716050215456,0.003935642419011288,-0.007237500394370906,0.36896647678230826,1.24
MCD,320.0,0.1,250.0,0.15,0.025,2.2128452258590145e-07,1.0427156418092312e-07,4.7231676654352756e-08,-9.061645890935316e-08,4.427969686345571e-07,1.28
MCD,320.0,0.2,250.0,0.15,0.025,0.0004998914846553668,0.00012482463371141895,2.905669421651291e-05,-5.551906712096785e-05,0.0005448130165596171,1.28
MCD,320.0,0.30000000000000004,250.0,0.15,0.025,0.008126249188699641,0.001421795402497176,0.00022609670296391617,-0.0004302314384509811,0.006358969770860145,1.28
MCD,320.0,0.4,250.0,0.15,0.025,0.03611169074456311,0.004950935207577926,0.0006036844250032372,-0.001143985502756267,0.0226381659376214,1.28
MCD,320.0,0.5,250.0,0.15,0.025,0.09334071721200932,0.010648198882024286,0.001059977524575282,-0.0020003277644389714,0.04968644646446635,1.28
MCD,320.0,0.6,250.0,0.15,0.025,0.18200282556333924,0.017932222435440303,0.0015157445541679436,-0.0028485001509418306,0.08526063117194684,1.28
MCD,320.0,0.7000000000000001,250.0,0.15,0.025,0.30028068786816764,0.02620677190956653,0.0019322361338654558,-0.0036159985013145958,0.12680299628492056,1.28
MCD,320.0,0.8,250.0,0.15,0.025,0.44468557574905176,0.03500898264270836,0.0022959585871018384,-0.004278605319829078,0.17219689403263785,1.28
MCD,320.0,0.9,250.0,0.15,0.025,0.6113302226732333,0.0440145985863043,0.002605848190343041,-0.004835594948352344,0.21986844106019407,1.28
MCD,320.0,1.0,250.0,0.15,0.025,0.7965082081006241,0.0530077250042213,0.002866122422248372,-0.005296034267742732,0.2686989770857849,1.28
MCD,330.0,0.1,250.0,0.15,0.025,4.982521538176963e-09,2.606420435491589e-09,1.3192464048978974e-09,-2.5321574040238516e-09,1.2367935045917786e-08,1.32
MCD,330.0,0.2,250.0,0.15,0.025,6.859528147401366e-05,1.8844584387506632e-05,4.876953189895672e-06,-9.326520754880905e-06,9.144287231054385e-05,1.32
MCD,330.0,0.30000000000000004,250.0,0.15,0.025,0.0020496886142566534,0.0003918654467017602,6.899218339126934e-05,-0.00013145014620910664,0.0019404051578794507,1.32
MCD,330.0,0.4,250.0,0.15,0.025,0.01239231180075906,0.001846404711276008,0.0002483803696452227,-0.00047147012405941653,0.009314263861695853,1.32
MCD,330.0,0.5,250.0,0.15,0.025,0.03861422211492038,0.0047657616544816315,0.0005217770070481346,-0.0009866985522474499,0.024458297205381316,1.32
MCD,330.0,0.6,250.0,0.15,0.025,0.08541002878742665,0.009069626318753075,0.0008408817991422705,-0.0015841089905416958,0.047299601201752715,1.32
MCD,330.0,0.7000000000000001,250.0,0.15,0.025,0.1543567681335154,0.014471315013989959,0.0011674957744455918,-0.002191011471991504,0.07661691019799197,1.32
MCD,330.0,0.8,250.0,0.15,0.025,0.2449442229603438,0.020655659401730923,0.0014790191765782549,-0.002764977807726616,0.1109264382433691,1.32
MCD,330.0,0.9,250.0,0.15,0.025,0.3555471672275434,0.027349853479453436,0.0017643814059838002,-0.0032857052490095667,0.14886968112988314,1.32
MCD,330.0,1.0,250.0,0.15,0.025,0.4840649239318626,0.03433975481841752,0.0020195052325757807,-0.0037461880127484565,0.18932861555397945,1.32
MCD,340.0,0.1,250.0,0.15,0.025,8.563264149103236e-11,4.914817408118632e-11,2.7424884364047958e-11,-5.265746287134224e-11,2.571082909129496e-10,1.36
MCD,340.0,0.2,250.0,0.15,0.025,8.299318263693635e-06,2.4840991582773853e-06,7.060878221095284e-07,-1.3512243550894287e-06,1.3239146664553657e-05,1.36
MCD,340.0,0.30000000000000004,250.0,0.15,0.025,0.0004776805735581986,9.895998937876655e-05,1.9075405237042378e-05,-3.638120742219397e-05,0.0005364957722918171,1.36
MCD,340.0,0.4,250.0,0.15,0.025,0.004019804769958585,0.0006461356423263414,9.490148919053025e-05,-0.00018038231216105336,0.0035588058446448844,1.36
MCD,340.0,0.5,250.0,0.15,0.025,0.015302449504317195,0.0020298740067437615,0.00024206378537752125,-0.00045851426738370847,0.011346739939571311,1.36
MCD,340.0,0.6,250.0,0.15,0.025,0.03872980076664345,0.004406132286917826,0.00044398938330309835,-0.0008380760924959201,0.02497440281079928,1.36
MCD,340.0,0.7000000000000001,250.0,0.15,0.025,0.07713664879265303,0.007726113829108418,0.000676130658350095,-0.001271791764082663,0.04437107445422499,1.36
MCD,340.0,0.8,250.0,0.15,0.025,0.13174968297170953,0.01184041361648054,0.0009180204916181732,-0.001720678486271214,0.06885153687136299,1.36
MCD,340.0,0.9,250.0,0.15,0.025,0.2026089581817554,0.016573105744431296,0.0011558053184066496,-0.0021586494607137023,0.09752107374056106,1.36
MCD,340.0,1.0,250.0,0.15,0.025,0.2890093123742288,0.02175853751031403,0.0013812367204509707,-0.002570421125840306,0.1294909425422785,1.36
MCD,350.0,0.1,250.0,0.15,0.025,1.1457132406149665e-12,7.175174598931404e-13,4.36634715338753e-13,-8.385999263914575e-13,4.0934504563008096e-12,1.4
MCD,350.0,0.2,250.0,0.15,0.025,8.94740947330938e-07,2.893959821406891e-07,8.945280010632708e-08,-1.7127906925517465e-07,1.6772400019936327e-06,1.4
MCD,350.0,0.30000000000000004,250.0,0.15,0.025,0.00010351956662027918,2.307312636864894e-05,4.824617765790069e-06,-9.209308403501165e-06,0.00013569237466284573,1.4
MCD,350.0,0.4,250.0,0.15,0.025,0.0012380739782746897,0.00021332339467096932,3.391478955058925e-05,-6.453402925987359e-05,0.0012718046081470972,1.4
MCD,350.0,0.5,250.0,0.15,0.025,0.005828737218973035,0.0008262282995482046,0.00010644422289425436,-0.00020190201124303532,0.004989572948168174,1.4
MCD,350.0,0.6,250.0,0.15,0.025,0.01701553058197164,0.002062991916739451,0.00022418969425725592,-0.0004238748719645735,0.012610670301970647,1.4
MCD,350.0,0.7000000000000001,250.0,0.15,0.025,0.03755627530552086,0.003999309816414619,0.0003768487729382308,-0.0007101959745083969,0.0247307007240714,1.4
MCD,350.0,0.8,250.0,0.15,0.025,0.06932653028476743,0.006609892860322283,0.0005510092820968087,-0.001035012341899234,0.04132569615726065,1.4
MCD,350.0,0.9,250.0,0.15,0.025,0.113304236145225,0.009813805893746688,0.0007348731637609,-0.0013758201402172465,0.06200492319232593,1.4
MCD,350.0,1.0,250.0,0.15,0.025,0.1697512561902106,0.013508992953431019,0.0009196291802113288,-0.0017159808247136923,0.08621523564481208,1.4
TSLA,150.0,0.1,200.0,0.45,0.0,50.48922669945898,0.9824338128002964,0.0015233847472273247,-0.024903175187623756,0.027420925450091845,0.75
TSLA,150.0,0.2,200.0,0.45,0.0,51.737733915999826,0.9394295935873976,0.0029816340543704807,-0.04054405922254806,0.10733882595733732,0.75
TSLA,150.0,0.30000000000000004,200.0,0.45,0.0,53.31460907565861,0.9057056695937502,0.003409920797178821,-0.04484030061763303,0.1841357230476564,0.75
TSLA,150.0,0.4,200.0,0.45,0.0,54.96693869999751,0.8812430055416645,0.0034886264254003047,-0.04535498704393957,0.25118110262882193,0.75
TSLA,150.0,0.5,200.0,0.45,0.0,56.61021191546388,0.8631591973104968,0.0034434722463400603,-0.04456574013317796,0.30991250217060545,0.75
TSLA,150.0,0.6,200.0,0.45,0.0,58.21488969847479,0.8494401277780845,0.003352832701488297,-0.04332174015937109,0.36210593176073613,0.75
TSLA,150.0,0.7000000000000001,200.0,0.45,0.0,59.771170225428676,0.8387993388910415,0.003247074775308548,-0.041946374770014276,0.409131421688877,0.75
TSLA,150.0,0.8,200.0,0.45,0.0,61.27700029678799,0.8304007966266298,0.003138828181901746,-0.04057073237608995,0.4519912581938514,0.75
TSLA,150.0,0.9,200.0,0.45,0.0,62.73349411822571,0.8236829039781655,0.00303347760294501,-0.039248345275275175,0.4914233716770915,0.75
TSLA,150.0,1.0,200.0,0.45,0.0,64.14302765648621,0.8182557635708974,0.0029332316127892413,-0.03799931652863094,0.5279816903020634,0.75
TSLA,160.0,0.1,200.0,0.45,0.0,40.934919489688184,0.9508649718637714,0.003573698567732339,-0.04783079643007478,0.0643265742191821,0.8
TSLA,160.0,0.2,200.0,0.45,0.0,42.95968400021303,0.8905219079446135,0.004655858930406292,-0.05906608936964294,0.16761092149462647,0.8
TSLA,160.0,0.30000000000000004,200.0,0.45,0.0,45.11728162708549,0.8538111105212653,0.004649099245322138,-0.05847055000848771,0.2510513592473955,0.8
TSLA,160.0,0.4,200.0,0.45,0.0,47.20522259552587,0.830074107904784,0.004444455047904748,-0.055825301160884515,0.32000076344914186,0.8
TSLA,160.0,0.5,200.0,0.45,0.0,49.190255527349876,0.8137495323379784,0.0042119611302784,-0.05295790574365051,0.379076501725056,0.8
TSLA,160.0,0.6,200.0,0.45,0.0,51.07353715011213,0.8020265420097337,0.0039913100154734095,-0.05027792051425754,0.4310614816711283,0.8
TSLA,160.0,0.7000000000000001,200.0,0.45,0.0,52.86381682788074,0.7933547672860835,0.003791216535553379,-0.04786457452487097,0.4776932834797257,0.8
TSLA,160.0,0.8,200.0,0.45,0.0,54.570807971615,0.7868104562826641,0.0036119429708719006,-0.04571012245953303,0.5201197878055538,0.8
TSLA,160.0,0.9,200.0,0.45,0.0,56.203449433820154,0.7818083691017448,0.003451469620801214,-0.04378525055335751,0.5591380785697966,0.8
TSLA,160.0,1.0,200.0,0.45,0.0,57.76953712648671,0.7779591944719757,0.003307360659033954,-0.04205823754642653,0.5953249186261117,0.8
TSLA,170.0,0.1,200.0,0.45,0.0,31.944909628148963,0.8901398942185298,0.006600865682213591,-0.08124703396514023,0.11881558227984465,0.85
TSLA,170.0,0.2,200.0,0.45,0.0,34.90631700165255,0.8233123657379946,0.006443528161227811,-0.07860660870107278,0.2319670138042012,0.85
TSLA,170.0,0.30000000000000004,200.0,0.45,0.0,37.64319111538275,0.7901532974229557,0.005843948526424873,-0.07144038602576687,0.31557322042694325,0.85
TSLA,170.0,0.4,200.0,0.45,0.0,40.1352842651971,0.7707881479181449,0.005324304758805253,-0.06532570186172579,0.38334994263397826,0.85
TSLA,170.0,0.5,200.0,0.45,0.0,42.426276293302905,0.7584338927329362,0.004902220444969815,-0.060381377663543664,0.44119984004728335,0.85
TSLA,170.0,0.6,200.0,0.45,0.0,44.55411045048896,0.7501486213796562,0.004556870360815175,-0.056342019829617264,0.4921419989680389,0.85
TSLA,170.0,0.7000000000000001,200.0,0.45,0.0,46.54745537671471,0.7444397633265472,0.0042693358718674775,-0.05297978144338405,0.5379363198553022,0.85
TSLA,170.0,0.8,200.0,0.45,0.0,48.42785324035222,0.7404651061664196,0.004025738007524185,-0.05013025285022352,0.5797062730834827,0.85
TSLA,170.0,0.9,200.0,0.45,0.0,50.211770474953056,0.7377116062295622,0.0038161591851066106,-0.047676864972879346,0.6182177879872709,0.85
TSLA,170.0,1.0,200.0,0.45,0.0,51.91205623559385,0.7358481726455974,0.0036334419534853847,-0.04553586706160636,0.6540195516273692,0.85
TSLA,180.0,0.1,200.0,0.45,0.0,23.86532858729234,0.7954856309220275,0.009969082961800182,-0.11802581355406301,0.17944349331240328,0.9
TSLA,180.0,0.2,200.0,0.45,0.0,27.739570647108124,0.7402251969408775,0.008055317079757485,-0.09597299602147717,0.28999141487126945,0.9
TSLA,180.0,0.30000000000000004,200.0,0.45,0.0,30.97421655479245,0.7173712317692107,0.0068596215507157,-0.08227799418186187,0.37041956373864793,0.9
TSLA,180.0,0.4,200.0,0.45,0.0,33.79961025556467,0.7056120452804207,0.006055836101881253,-0.073075595037341,0.4360201993354502,0.9
TSLA,180.0,0.5,200.0,0.45,0.0,36.338845896105795,0.699040244829781,0.005471350070027837,-0.06637904615071162,0.49242150630250525,0.9
TSLA,180.0,0.6,200.0,0.45,0.0,38.66391010659355,0.6953164477333675,0.005022215133750405,-0.06122728460408422,0.5423992344450439,0.9
TSLA,180.0,0.7000000000000001,200.0,0.45,0.0,40.82085865130648,0.6933180717120547,0.004663152906492147,-0.057103080507165165,0.5875572662180104,0.9
TSLA,180.0,0.8,200.0,0.45,0.0,42.84119173306449,0.6924365641289936,0.004367499490998167,-0.053702179069581545,0.6289199267037361,0.9
TSLA,180.0,0.9,200.0,0.45,0.0,44.747560705894855,0.6923128374685108,0.004118446318398792,-0.05083289787745549,0.6671883035806043,0.9
TSLA,180.0,1.0,200.0,0.45,0.0,46.55689596910372,0.6927213468218998,0.003904818132633008,-0.048367838096080015,0.7028672638739414,0.9
TSLA,190.0,0.1,200.0,0.45,0.0,17.004426818277466,0.6720779711400766,0.012692280085764233,-0.14726563752202712,0.2284610415437562,0.95
TSLA,190.0,0.2,200.0,0.45,0.0,21.56110286986015,0.6463101869717288,0.009237505137609276,-0.10839976574741722,0.33255018495393396,0.95
TSLA,190.0,0.30000000000000004,200.0,0.45,0.0,25.14849110428287,0.6389629458135508,0.007596870923220812,-0.08991838137044611,0.4102310298539239,0.95
TSLA,190.0,0.4,200.0,0.45,0.0,28.20922354066576,0.6370699883720327,0.0065908279284906885,-0.0785669824467455,0.4745396108513296,0.95
TSLA,190.0,0.5,200.0,0.45,0.0,30.925262268857693,0.6374778449292717,0.00589276504147159,-0.07067699877342432,0.5303488537324432,0.95
TSLA,190.0,0.6,200.0,0.45,0.0,33.39255490257379,0.6390291280289564,0.005371461191637966,-0.06477447463067976,0.5801178086969003,0.95
TSLA,190.0,0.7000000000000001,200.0,0.45,0.0,35.66907645907561,0.6412012914207844,0.004962657369783954,-0.060137495846922295,0.6252948285927782,0.95
TSLA,190.0,0.8,200.0,0.45,0.0,37.7930533214078,0.6437265366748883,0.004630689140093118,-0.05636530437711926,0.666819236173409,0.95
TSLA,190.0,0.9,200.0,0.45,0.0,39.79127902414662,0.646455417251441,0.00435396284912885,-0.0532151934999854,0.7053419815588736,0.95
TSLA,190.0,1.0,200.0,0.45,0.0,41.68340435280851,0.649299349080667,0.0041185368557707025,-0.05053042075380232,0.7413366340387264,0.95
TSLA,200.0,0.1,200.0,0.45,0.0,11.534107968369653,0.5339511160463349,0.013966611753362857,-0.16019150659160963,0.2513990115605314,1.0
TSLA,200.0,0.2,200.0,0.45,0.0,16.400416092175234,0.547956150772917,0.009840101251522081,-0.11429103109565095,0.35424364505479494,1.0
TSLA,200.0,0.30000000000000004,200.0,0.45,0.0,20.161502123560766,0.5586631958159686,0.008005296869850523,-0.09384349332517067,0.43228603097192847,1.0
TSLA,200.0,0.4,200.0,0.45,0.0,23.347272044919194,0.5676567865398163,0.0069076699393032905,-0.08158834235462797,0.497352235629837,1.0
TSLA,200.0,0.5,200.0,0.45,0.0,26.163383406095946,0.5755515119469305,0.006156020761699329,-0.07318033551930983,0.5540418685529397,1.0
TSLA,200.0,0.6,200.0,0.45,0.0,28.715510170512232,0.5826629836666137,0.005599289948199693,-0.06694100279853417,0.6047233144055668,1.0
TSLA,200.0,0.7000000000000001,200.0,0.45,0.0,31.066545849017942,0.5891789330429019,0.005165151526899355,-0.062066434244201746,0.6508090923893186,1.0
TSLA,200.0,0.8,200.0,0.45,0.0,33.257546355655464,0.5952218362616787,0.004814050009471611,-0.05811681905833872,0.693223201363912,1.0
TSLA,200.0,0.9,200.0,0.45,0.0,35.31708325444366,0.6008768763571081,0.004522284083366238,-0.05482853802184334,0.7326100215053303,1.0
TSLA,200.0,1.0,200.0,0.45,0.0,37.265998965921895,0.6062061557021221,0.004274670062835409,-0.052032653145132765,0.7694406113103738,1.0
TSLA,210.0,0.1,200.0,0.45,0.0,7.447181148045047,0.39833600645417044,0.013559754577411659,-0.15441481216814518,0.24407558239340987,1.05
TSLA,210.0,0.2,200.0,0.45,0.0,12.219379369499038,0.45147285006778937,0.009838381551651947,-0.11344369615636046,0.3541817358594701,1.05
TSLA,210.0,0.30000000000000004,200.0,0.45,0.0,15.972859740821079,0.47991343048226826,0.008082691035854473,-0.09406875403376237,0.4364653159361417,1.05
TSLA,210.0,0.4,200.0,0.45,0.0,19.174794093467796,0.4995932652634527,0.007008697807468446,-0.08219206383405933,0.5046262421377281,1.05
TSLA,210.0,0.5,200.0,0.45,0.0,22.01627008267384,0.5148345599295968,0.006264438722295988,-0.07394517715990044,0.5637994850066389,1.05
TSLA,210.0,0.6,200.0,0.45,0.0,24.597825464656864,0.527400839817699,0.0057090774545414235,-0.06777920696128883,0.6165803650904738,1.05
TSLA,210.0,0.7000000000000001,200.0,0.45,0.0,26.980132080601905,0.5381776127225364,0.005273802017332235,-0.06293700268348948,0.6644990541838616,1.05
TSLA,210.0,0.8,200.0,0.45,0.0,29.20316165655497,0.5476706139148388,0.004920476771154132,-0.05899876752247259,0.708548655046195,1.05
TSLA,210.0,0.9,200.0,0.45,0.0,31.294914982634083,0.5561953755701475,0.004626035549340764,-0.05571048541769317,0.7494177589932037,1.05
TSLA,210.0,1.0,200.0,0.45,0.0,33.275919607683505,0.5639619072216296,0.004375597387344129,-0.052908215494456366,0.7876075297219433,1.05
TSLA,220.0,0.1,200.0,0.45,0.0,4.582945119777314,0.27941983542563364,0.01181583996514634,-0.1339182802689032,0.21268511937263412,1.1
TSLA,220.0,0.2,200.0,0.45,0.0,8.928129286300496,0.3620064094765619,0.009312763872945476,-0.10681138832221759,0.33525949942603717,1.1
TSLA,220.0,0.30000000000000004,200.0,0.45,0.0,12.516035822503198,0.4055093472133311,0.007864871437435113,-0.09102587943565883,0.4247030576214963,1.1
TSLA,220.0,0.4,200.0,0.45,0.0,15.63726285101501,0.4346789252181009,0.006914540817501615,-0.08062975549242095,0.49784693886011633,1.1
TSLA,220.0,0.5,200.0,0.45,0.0,18.43688022382173,0.4565992607798177,0.006231640497109736,-0.07313918753955416,0.5608476447398764,1.1
TSLA,220.0,0.6,200.0,0.45,0.0,20.99765834197963,0.4741975253943337,0.005710607410811915,-0.06741040259870139,0.616745600367687,1.1
TSLA,220.0,0.7000000000000001,200.0,0.45,0.0,23.371861852427188,0.48894413143612614,0.005296045686502687,-0.06284198443570368,0.6673017564993385,1.1
TSLA,220.0,0.8,200.0,0.45,0.0,25.594945028388807,0.5016749111701216,0.0049558566452613416,-0.059084986732660674,0.7136433569176333,1.1
TSLA,220.0,0.9,200.0,0.45,0.0,27.692258995075676,0.5129076072327413,0.004670021807406427,-0.05592157142198762,0.7565435327998411,1.1
TSLA,220.0,1.0,200.0,0.45,0.0,29.68267412373629,0.5229839173803917,0.004425333564789595,-0.05320789897108138,0.7965600416621272,1.1
TSLA,230.0,0.1,200.0,0.45,0.0,2.6941471831891164,0.1848751994519513,0.009375013766138392,-0.10590253043014934,0.16875024779049105,1.15
TSLA,230.0,0.2,200.0,0.45,0.0,6.405609086322237,0.2829894981908113,0.008406435366347834,-0.09602714806779598,0.3026316731885221,1.15
TSLA,230.0,0.30000000000000004,200.0,0.45,0.0,9.70867284499441,0.33743928609571994,0.0074113997561681055,-0.0854020621916817,0.4002155868330778,1.15
TSLA,230.0,0.4,200.0,0.45,0.0,12.670870639429467,0.37423335720098877,0.006657476127883496,-0.07727751872313295,0.4793382812076117,1.15
TSLA,230.0,0.5,200.0,0.45,0.0,15.372318231009771,0.4017951031409769,0.00607786796704731,-0.07100027209448032,0.5470081170342579,1.15
TSLA,230.0,0.6,200.0,0.45,0.0,17.869337590377157,0.4237735864432199,0.005617799561903876,-0.06599944060185216,0.6067223526856187,1.15
TSLA,230.0,0.7000000000000001,200.0,0.45,0.0,20.20122876351195,0.44204626599267977,0.005242079000582641,-0.06190296011249364,0.6605019540734127,1.15
TSLA,230.0,0.8,200.0,0.45,0.0,22.39628648631603,0.45769481712993154,0.004928009106818314,-0.058469288825774186,0.7096333113818372,1.15
TSLA,230.0,0.9,200.0,0.45,0.0,24.475563718396828,0.47139453171378604,0.004660451062460494,-0.0555366949464444,0.7549930721185999,1.15
TSLA,230.0,1.0,200.0,0.45,0.0,26.455185594885407,0.48359307992861184,0.004428942854725757,-0.05299311553275632,0.7972097138506362,1.15
TSLA,240.0,0.1,200.0,0.45,0.0,1.5172621568202231,0.11584447719617469,0.00685561698912951,-0.07725556567567894,0.1234011058043312,1.2
TSLA,240.0,0.2,200.0,0.45,0.0,4.519091008421114,0.21609081974608724,0.007280862116165506,-0.08290814528571569,0.2621110361819582,1.2
TSLA,240.0,0.30000000000000004,200.0,0.45,0.0,7.46179515914627,0.27688010474083957,0.0067915661104347895,-0.07798391030970228,0.36674456996347876,1.2
TSLA,240.0,0.4,200.0,0.45,0.0,10.207920004219233,0.3191057021455972,0.0062752162149933835,-0.07256682213485262,0.4518155674795236,1.2
TSLA,240.0,0.5,200.0,0.45,0.0,12.767374701210706,0.351061809606811,0.0058266639003240715,-0.06779969463209731,0.5243997510291666,1.2
TSLA,240.0,0.6,200.0,0.45,0.0,15.165857324351457,0.37662865000266227,0.005446715596722728,-0.0637325907404128,0.5882452844460547,1.2
TSLA,240.0,0.7000000000000001,200.0,0.45,0.0,17.427035447280858,0.397885423180936,0.0051235602113654235,-0.060255944766597506,0.6455685866320434,1.2
TSLA,240.0,0.8,200.0,0.45,0.0,19.570326802302098,0.41606010473772903,0.004845790699921215,-0.05725557867831724,0.697793860788655,1.2
TSLA,240.0,0.9,200.0,0.45,0.0,21.611341538027673,0.4319319612646179,0.004604289961779094,-0.05463801468357054,0.7458949738082131,1.2
TSLA,240.0,1.0,200.0,0.45,0.0,23.562668803284126,0.44602346429128836,0.004392057750331672,-0.0523306147121719,0.7905703950597011,1.2
TSLA,250.0,0.1,200.0,0.45,0.0,0.8211746057304197,0.06905218823313419,0.004668427833829883,-0.0525121040762437,0.08403170100893789,1.25
TSLA,250.0,0.2,200.0,0.45,0.0,3.1393487393181765,0.16150042415385707,0.0060820858304471564,-0.06908400639764398,0.21895508989609763,1.25
TSLA,250.0,0.30000000000000004,200.0,0.45,0.0,5.68704791780582,0.224297893788087,0.00607325545446645,-0.06953461700653522,0.32795579454118845,1.25
TSLA,250.0,0.4,200.0,0.45,0.0,8.1810380282269,0.2697283113089455,0.005805922704054502,-0.06692953270162187,0.4180264346919242,1.25
TSLA,250.0,0.5,200.0,0.45,0.0,10.567268163778614,0.30476427659567773,0.005502209042795233,-0.06381276264774749,0.495198813851571,1.25
TSLA,250.0,0.6,200.0,0.45,0.0,12.840789113521055,0.33306677182488875,0.00521396598412707,-0.060800037097928125,0.5631083262857236,1.25
TSLA,250.0,0.7000000000000001,200.0,0.45,0.0,15.008790970769091,0.356716249726037,0.00495257797019077,-0.05804008207879832,0.624024824244037,1.25
TSLA,250.0,0.8,200.0,0.45,0.0,17.081012960024474,0.3769860474781063,0.004718387625547355,-0.055550120038845824,0.679447818078819,1.25
TSLA,250.0,0.9,200.0,0.45,0.0,19.06698526133512,0.3947036924784023,0.004508756555702174,-0.0533094222336458,0.7304185620237523,1.25
TSLA,250.0,1.0,200.0,0.45,0.0,20.975272993932556,0.41043345422688604,0.004320502768913015,-0.051288396085278375,0.7776904984043428,1.25
TSLA,260.0,0.1,200.0,0.45,0.0,0.4285121764920241,0.039331040149738095,0.0029865965144221696,-0.03354649260405178,0.05375873725959906,1.3
TSLA,260.0,0.2,200.0,0.45,0.0,2.1504055737463084,0.118365086601331,0.004922151582459893,-0.05579497573669307,0.17719745696855618,1.3
TSLA,260.0,0.30000000000000004,200.0,0.45,0.0,4.301728809079936,0.17960156331120558,0.005315647417018938,-0.060714366345177864,0.28704496051902273,1.3
TSLA,260.0,0.4,200.0,0.45,0.0,6.526182661443514,0.2261932181215987,0.005284719692268115,-0.0607599012957353,0.3804998178433042,1.3
TSLA,260.0,0.5,200.0,0.45,0.0,8.71961724739105,0.2630386679468676,0.005127402926875629,-0.05929792926215328,0.46146626341880664,1.3
TSLA,260.0,0.6,200.0,0.45,0.0,10.849657987165855,0.293227646307835,0.004935543566782415,-0.057383202386183045,0.533038705212501,1.3
TSLA,260.0,0.7000000000000001,200.0,0.45,0.0,12.907712501129964,0.3186694291823991,0.004740889769269965,-0.05538938912945302,0.5973521109280157,1.3
TSLA,260.0,0.8,200.0,0.45,0.0,14.893849583060259,0.34059096371182856,0.004554791034949537,-0.05345586453351161,0.6558899090327334,1.3
TSLA,260.0,0.9,200.0,0.45,0.0,16.811344125534227,0.3598155259173835,0.0043809434029588945,-0.051632482200390066,0.7097128312793408,1.3
TSLA,260.0,1.0,200.0,0.45,0.0,18.664530258615926,0.37691727056621793,0.004220014619569372,-0.04993270598999592,0.7596026315224869,1.3
TSLA,270.0,0.1,200.0,0.45,0.0,0.2162941492085375,0.021499778554715965,0.0018086665342699766,-0.020292527931583832,0.03255599761685958,1.35
TSLA,270.0,0.2,200.0,0.45,0.0,1.4543330048496248,0.08522918131780044,0.003873940676844463,-0.043839150154504895,0.13946186436640068,1.35
TSLA,270.0,0.30000000000000004,200.0,0.45,0.0,3.2317939359601233,0.14230857596036034,0.004565547086558686,-0.05204127157721896,0.24653954267416914,1.35
TSLA,270.0,0.4,200.0,0.45,0.0,5.184563753925275,0.18833503648323308,0.0047416331989417245,-0.054392502264571006,0.34139759032380423,1.35
TSLA,270.0,0.5,200.0,0.45,0.0,7.175737881946304,0.2258416273407191,0.0047226422538677775,-0.05448370652024232,0.42503780284810005,1.35
TSLA,270.0,0.6,200.0,0.45,0.0,9.150858366024814,0.25711922607277315,0.00462605004687694,-0.05364647240225262,0.49961340506270957,1.35
TSLA,270.0,0.7000000000000001,200.0,0.45,0.0,11.087393730752375,0.28377498980164045,0.004499404162310497,-0.052427229977942545,0.5669249244511226,1.35
TSLA,270.0,0.8,200.0,0.45,0.0,12.976398488692091,0.30691378719510076,0.004363434525016849,-0.05106859453513644,0.6283345716024262,1.35
TSLA,270.0,0.9,200.0,0.45,0.0,14.81510341518328,0.3273090468391101,0.004227554406871415,-0.04968364237501919,0.6848638139131691,1.35
TSLA,270.0,1.0,200.0,0.45,0.0,16.603647157686694,0.3455161111712229,0.004096045418135635,-0.04832596012323419,0.7372881752644144,1.35
TSLA,280.0,0.1,200.0,0.45,0.0,0.10593211415896109,0.011325211719083073,0.0010436674026719852,-0.011698726535382719,0.018786013248095732,1.4
TSLA,280.0,0.2,200.0,0.45,0.0,0.9723197914018993,0.06039756700592924,0.002974974891298653,-0.03361860871768555,0.10709909608675153,1.4
TSLA,280.0,0.30000000000000004,200.0,0.45,0.0,2.413228811299817,0.11169641973314864,0.003856547982151904,-0.04388367241211455,0.2082535910362029,1.4
TSLA,280.0,0.4,200.0,0.45,0.0,4.103675613200391,0.15580936063047474,0.004200699885712666,-0.04809314648601147,0.30245039177131194,1.4
TSLA,280.0,0.5,200.0,0.45,0.0,5.891388754785666,0.19299724302635357,0.0043051810569612265,-0.04956203966493881,0.38746629512651043,1.4
TSLA,280.0,0.6,200.0,0.45,0.0,7.7061964234769675,0.22464880357838318,0.004298251406131366,-0.04973257391966035,0.4642111518621876,1.4
TSLA,280.0,0.7000000000000001,200.0,0.45,0.0,9.514204976838322,0.2519843773374002,0.004237866671041482,-0.04926305048638585,0.5339712005512267,1.4
TSLA,280.0,0.8,200.0,0.45,0.0,11.298577206778326,0.2759305739373361,0.004151966532780312,-0.04847456221746313,0.597883180720365,1.4
TSLA,280.0,0.9,200.0,0.45,0.0,13.051008691333045,0.2971744616548554,0.004054735697834784,-0.04753248561376339,0.656867183049235,1.4
TSLA,280.0,1.0,200.0,0.45,0.0,14.767673362690644,0.3162284404654497,0.003953634158643722,-0.046525420923602914,0.7116541485558701,1.4
TSLA,290.0,0.1,200.0,0.45,0.0,0.05048744081839707,0.005770498840189986,0.000577107372502656,-0.0064639920689867104,0.010387932705047809,1.45
TSLA,290.0,0.2,200.0,0.45,0.0,0.6433693051799825,0.042190355850274586,0.0022355950475039556,-0.02523302460188636,0.08048142171014241,1.45
TSLA,290.0,0.30000000000000004,200.0,0.45,0.0,1.7922333405766828,0.08692629212547998,0.0032100639444603896,-0.03647293007330127,0.1733434530008611,1.45
TSLA,290.0,0.4,200.0,0.45,0.0,3.2376564058487958,0.12816050415616287,0.0036799265860078634,-0.04205915496394389,0.26495471419256617,1.45
TSLA,290.0,0.5,200.0,0.45,0.0,4.827091979249296,0.16423863587682558,0.0038889329323396615,-0.04468655090382999,0.3500039639105696,1.45
TSLA,290.0,0.6,200.0,0.45,0.0,6.481143418947738,0.19565082421280516,0.003962888642256008,-0.045760765560572875,0.4279919733636489,1.45
TSLA,290.0,0.7000000000000001,200.0,0.45,0.0,8.157485736603647,0.22319027556151566,0.003964705480475348,-0.04599087283134013,0.49955289053989377,1.45
TSLA,290.0,0.8,200.0,0.45,0.0,9.832802458411834,0.24756932208958,0.003927129083385719,-0.04574929870384177,0.5655065880075436,1.45
TSLA,290.0,0.9,200.0,0.45,0.0,11.493970714639929,0.2693620981274138,0.0038679807931709877,-0.04524079778235441,0.6266128884937,1.45
TSLA,290.0,1.0,200.0,0.45,0.0,13.133576383572425,0.28901917903697605,0.003797332089042349,-0.04458246616191224,0.6835197760276227,1.45
TSLA,300.0,0.1,200.0,0.45,0.0,0.023479929853695403,0.0028538925989664565,0.00030732194307287136,-0.0034399995650518382,0.005531794975311684,1.5
TSLA,300.0,0.2,200.0,0.45,0.0,0.42177930306873357,0.029094384700907916,0.0016480466525782965,-0.01858227642653249,0.05932967949281868,1.5
TSLA,300.0,0.30000000000000004,200.0,0.45,0.0,1.3246354961713607,0.06713499454962946,0.0026373626478270883,-0.02992703011499945,0.1424175829826628,1.5
TSLA,300.0,0.4,200.0,0.45,0.0,2.547174669923791,0.10487602243713423,0.00319179672344839,-0.036425581715934366,0.2298093640882841,1.5
TSLA,300.0,0.5,200.0,0.45,0.0,3.9481451652105797,0.1392427293437838,0.0034845802023375037,-0.03997413105078852,0.3136122182103753,1.5
TSLA,300.0,0.6,200.0,0.45,0.0,5.444875718350033,0.16991060638477784,0.0036286730656877337,-0.04182704336221215,0.3918966910942753,1.5
TSLA,300.0,0.7000000000000001,200.0,0.45,0.0,6.989582984337943,0.1972436913955246,0.0036869953501932474,-0.04268908020322737,0.46456141412434915,1.5
TSLA,300.0,0.8,200.0,0.45,0.0,8.5540181482138,0.22172281789568787,0.0036947163308220397,-0.04295729328341846,0.5320391516383738,1.5
TSLA,300.0,0.9,200.0,0.45,0.0,10.12108157079377,0.2437923995200067,0.003672091967224837,-0.04286224776417737,0.5948788986904234,1.5
TSLA,300.0,1.0,200.0,0.45,0.0,11.680246592855738,0.26382769593211786,0.0036311690959685717,-0.042542303261764586,0.653610437274343,1.5
TSLA,310.0,0.1,200.0,0.45,0.0,0.010682238680390366,0.0013743134808027468,0.0001582905444691799,-0.0017708501760267995,0.0028492298004452387,1.55
TSLA,310.0,0.2,200.0,0.45,0.0,0.27423027040043735,0.01983315726371926,0.0011944378141645524,-0.01345567444113235,0.042999761309923897,1.55
TSLA,310.0,0.30000000000000004,200.0,0.45,0.0,0.9748705445354382,0.05149699124288404,0.0021419439745331056,-0.024277708632712065,0.11566497462478774,1.55
TSLA,310.0,0.4,200.0,0.45,0.0,1.9990115520808658,0.08542788460943251,0.0027440725360781872,-0.03127458925619937,0.19757322259762947,1.55
TSLA,310.0,0.5,200.0,0.45,0.0,3.2244233374638327,0.11765791948050924,0.0030998743568325508,-0.03550858727765641,0.2789886921149296,1.55
TSLA,310.0,0.6,200.0,0.45,0.0,4.570165351909999,0.1471837694332781,0.0033024048273246594,-0.03800567485304051,0.3566597213510633,1.55
TSLA,310.0,0.7000000000000001,200.0,0.45,0.0,5.985779755699653,0.17396818858764768,0.003410503646984405,-0.039421087478146405,0.429723459520035,1.55
TSLA,310.0,0.8,200.0,0.45,0.0,7.43964060978454,0.19825944980336702,0.0034595899183462345,-0.0401522853597809,0.49818094824185777,1.55
TSLA,310.0,0.9,200.0,0.45,0.0,8.91156700132494,0.22036439245644796,0.003471182305628483,-0.04044250566464288,0.5623315335118143,1.55
TSLA,310.0,1.0,200.0,0.45,0.0,10.3884522025025,0.24057460719122342,0.0034586501008997453,-0.040444006283174835,0.6225570181619542,1.55
TSLA,320.0,0.1,200.0,0.45,0.0,0.004765234444272071,0.0006462428492307604,7.915766232795927e-05,-0.0008851457510582813,0.001424837921903267,1.6
TSLA,320.0,0.2,200.0,0.45,0.0,0.1769893021292046,0.01338114453108974,0.0008527279767145515,-0.009598720815823861,0.030698207161723855,1.6
TSLA,320.0,0.30000000000000004,200.0,0.45,0.0,0.7147738175903449,0.03926159715052946,0.0017218344847574035,-0.019496385138404917,0.09297906217689982,1.6
TSLA,320.0,0.4,200.0,0.45,0.0,1.5654705608521926,0.06930158273079146,0.002340706952578003,-0.026645918020950777,0.16853090058561623,1.6
TSLA,320.0,0.5,200.0,0.45,0.0,2.6300493838370542,0.09912508287285166,0.002740037126854254,-0.031345341664587384,0.2466033414168829,1.6
TSLA,320.0,0.6,200.0,0.45,0.0,3.833172497684199,0.12721156697119246,0.0029891652978694355,-0.034351513080280276,0.32282985216989907,1.6
TSLA,320.0,0.7000000000000001,200.0,0.45,0.0,5.124149871101295,0.15317138824694226,0.0031397890605623625,-0.03623657055025564,0.3956134216308576,1.6
TSLA,320.0,0.8,200.0,0.45,0.0,6.469447368528851,0.1770320787080828,0.0032257323218429132,-0.03737795964637139,0.4645054543453796,1.6
TSLA,320.0,0.9,200.0,0.45,0.0,7.846694901172672,0.1989627026385966,0.003268705698953226,-0.03801965751586712,0.5295303232304225,1.6
TSLA,320.0,1.0,200.0,0.45,0.0,9.240759798894729,0.2191674469883464,0.00328277245175617,-0.0383207754016109,0.5908990413161106,1.6
TSLA,330.0,0.1,200.0,0.45,0.0,0.002088722860570255,0.0002974991656292114,3.856227852153704e-05,-0.00043102863073296013,0.0006941210133876668,1.65
TSLA,330.0,0.2,200.0,0.45,0.0,0.11348617808504535,0.008945333317229798,0.0006006843460504524,-0.00675694030468918,0.021624636457816288,1.65
TSLA,330.0,0.30000000000000004,200.0,0.45,0.0,0.5223536092703274,0.029771210707791707,0.0013715634268721322,-0.015516355204049028,0.07406442505109516,1.65
TSLA,330.0,0.4,200.0,0.45,0.0,1.223711415163244,0.05601514189947149,0.0019827405355852617,-0.02254708358469844,0.14275731856213883,1.65
TSLA,330.0,0.5,200.0,0.45,0.0,2.142992861244048,0.08329274712553886,0.002408196358732034,-0.027516455846964424,0.21673767228588312,1.65
TSLA,330.0,0.6,200.0,0.45,0.0,3.2131796251082214,0.10973254764315138,0.0026925459161248086,-0.0309026782421258,0.29079495894147933,1.65
TSLA,330.0,0.7000000000000001,200.0,0.45,0.0,4.38536671702709,0.1346539898019946,0.0028783301992117774,-0.033173002552534615,0.3626696051006839,1.65
TSLA,330.0,0.8,200.0,0.45,0.0,5.625429916611715,0.15788513677827154,0.0029963233945665244,-0.03466888136102815,0.4314705688175795,1.65
TSLA,330.0,0.9,200.0,0.45,0.0,6.909655547729908,0.1794632467772725,0.003067504702501635,-0.03562480526379757,0.4969357618052648,1.65
TSLA,330.0,1.0,200.0,0.45,0.0,8.221432574957628,0.19950531315620768,0.0031060571576504185,-0.03620033997153389,0.5590902883770753,1.65
TSLA,340.0,0.1,200.0,0.45,0.0,0.0009013396982197192,0.00013438928608200396,1.8354805319767897e-05,-0.00020508627916554408,0.0003303864957558221,1.7
TSLA,340.0,0.2,200.0,0.45,0.0,0.0723493564797495,0.005931160647030476,0.0004181396506964059,-0.004700666413093071,0.015053027425070612,1.7
TSLA,340.0,0.30000000000000004,200.0,0.45,0.0,0.3806449668777123,0.022466222620596776,0.0010837278843840547,-0.012250273761370561,0.058521305756738966,1.7
TSLA,340.0,0.4,200.0,0.45,0.0,0.9550743446546495,0.045130171522056006,0.0016691097516280246,-0.01896250326928392,0.12017590211721778,1.7
TSLA,340.0,0.5,200.0,0.45,0.0,1.7446405351055532,0.06982740313584146,0.0021058124965981947,-0.02403549976181902,0.18952312469383756,1.7
TSLA,340.0,0.6,200.0,0.45,0.0,2.692296881848673,0.09449106771830107,0.0024148868361398594,-0.027683315122199074,0.26080777830310486,1.7
TSLA,340.0,0.7000000000000001,200.0,0.45,0.0,3.7524871591122597,0.1182166310087977,0.002628667228987162,-0.030257312488358765,0.3312120708523824,1.7
TSLA,340.0,0.8,200.0,0.45,0.0,4.891626076198584,0.14066016849399682,0.0027738289705811596,-0.03205154926933072,0.39943137176368704,1.7
TSLA,340.0,0.9,200.0,0.45,0.0,6.0854254240258925,0.1617377551917612,0.0028698685693827157,-0.03328276772133294,0.46491870823999987,1.7
TSLA,340.0,1.0,200.0,0.45,0.0,7.316315514018864,0.1814826053162492,0.002930588459418119,-0.03410544485377535,0.5275059226952614,1.7
TSLA,350.0,0.1,200.0,0.45,0.0,0.0003835907711311759,5.96955448455283e-05,8.558415576973365e-06,-9.559642041288114e-05,0.00015405148038552055,1.75
TSLA,350.0,0.2,200.0,0.45,0.0,0.0458906645710333,0.0039040872734908416,0.0002880130149771978,-0.0032360308122197094,0.01036846853917912,1.75
TSLA,350.0,0.30000000000000004,200.0,0.45,0.0,0.27669660552440556,0.016881338946361846,0.0008501457738869242,-0.009602963857306858,0.04590787178989393,1.75
TSLA,350.0,0.4,200.0,0.45,0.0,0.744437123142065,0.03625697534121247,0.0013973308334424292,-0.015861175436558485,0.1006078200078549,1.75
TSLA,350.0,0.5,200.0,0.45,0.0,1.4193685262005467,0.05841994381101545,0.001833068792393032,-0.02090197538058036,0.16497619131537292,1.75
TSLA,350.0,0.6,200.0,0.45,0.0,2.2551598982724492,0.08124320165930349,0.0021575075661191536,-0.024706233565628326,0.23301081714086863,1.75
TSLA,350.0,0.7000000000000001,200.0,0.45,0.0,3.2107259906502854,0.10366492364677565,0.002392544737140722,-0.027507537973134308,0.30146063687973096,1.75
TSLA,350.0,0.8,200.0,0.45,0.0,4.253943470692235,0.125200039626908,0.002560093463509126,-0.02954547894878287,0.36865345874531413,1.75
TSLA,350.0,0.9,200.0,0.45,0.0,5.360623464872653,0.14565728680135137,0.0026775957798703238,-0.03101282078461031,0.43377051633899233,1.75
TSLA,350.0,1.0,200.0,0.45,0.0,6.512714432815244,0.16499197764461038,0.0027580576181403735,-0.032054375275042866,0.49645037126526714,1.75
