date,GME,ZM,TSLA,MCD
2021-01-04,0.018668213877591322,0.020779890161691794,-0.020346605331693635,0.004797836457063109
2021-01-05,-0.03899568616686555,-0.006699654852105552,-0.02557970380233121,-0.023070720216945784
2021-01-06,-0.012881204559544446,-0.02046600157666667,-0.02222366420303501,-0.02222192940740142
2021-01-07,0.00799355889959652,-0.05508583956223956,-0.013785148096402189,0.0019493046909508926
2021-01-08,-0.020692356063529038,0.011474218009778658,0.01843660845535533,0.007622331426273332
2021-01-11,0.0640869011360401,0.004250084866926684,-0.020942772218569772,-0.0015660339809466794
2021-01-12,0.04592474293820925,-0.014079182318820327,0.019821519093427442,0.009846042889009476
2021-01-13,0.025411609011782188,-0.018156002085677914,-0.028787369326783052,-0.0007004661989020722
2021-01-14,-0.014161457884916406,-0.023252535125077856,0.03216967625788869,-0.004177835536031793
2021-01-15,-0.03495154829394964,-0.03666731702853021,0.023695068031946542,-0.0007221119473133086
2021-01-18,0.06116218483605795,-0.0030470862725184844,0.025193250260461708,-0.010923952465440423
2021-01-19,-0.042998402424810345,0.00351569823119835,0.02716139300625331,-0.01569398695770985
2021-01-20,-0.005475858917239451,-0.0008152955436309117,-0.013773607786412345,-0.010176568724845625
2021-01-21,0.033553641112110455,0.02048331519697122,-0.043739367002706975,0.004798583869089823
2021-01-22,-0.02747186773323862,-0.015715099240389052,0.01754287183724834,0.0026020557271970723
2021-01-25,-0.05083222642392449,0.03090056354644033,-0.03724394551624255,-0.004741026242154778
2021-01-26,0.07566592523848459,0.028542138447695375,-0.031095194398826798,-0.031600310063716
2021-01-27,-0.0240773068272484,0.02927969588684176,-0.03292950146854445,-0.004342338920374167
2021-01-28,0.09156521571032439,0.02778763679021834,0.03085621476819922,0.0026178923721453806
2021-01-29,0.05243473388362285,0.013647103374118785,-0.0008006729852906291,-0.008429817050675026
2021-02-01,-0.035666786499903846,-0.02914181910046232,0.006968930488214342,0.014380608150436736
2021-02-02,-0.037708480765459296,0.0013953438095470894,-0.030742077294223957,0.005487982296049632
2021-02-03,-0.004546098360965756,-0.016665333126032023,-0.04821143934605121,0.0060400149670969405
2021-02-04,-0.014988438942246551,-0.013610255837299912,0.009713429483805491,-0.02152876011154181
2021-02-05,0.062036393036507764,0.013757044916772765,-0.021994774071549927,0.0064807563865294515
2021-02-08,0.0013138191736232763,0.020012590644586714,0.004440117558957457,-0.004239785942466434
2021-02-09,0.053332674239336963,0.0313322667574929,-0.03135878695937533,-0.005090101541907144
2021-02-10,0.00027598470788148255,-0.01777123976511863,0.04412023294048817,0.019972225963305945
2021-02-11,0.012666905574729714,-0.024789183427148087,-0.021005599617281434,-0.003463378756229929
2021-02-12,0.016234059768079234,-0.02918602302265716,0.006331282929752824,0.0040826987300641715
2021-02-15,-0.04407118166639301,-0.005389849376996603,0.04022845504933792,0.004182309242962923
2021-02-16,-0.048475638297067025,0.0015412731594039997,-0.018153192491575543,-0.0009424784424437727
2021-02-17,0.06255990707964854,0.01439857559177482,-0.008719349519072384,0.015470992390960614
2021-02-18,0.0336768782368313,-0.005333997417409697,-0.055343320375787486,-0.009302986729333163
2021-02-19,0.008446376038351966,-0.014020703913290022,0.006096878802658967,0.00556330125260418
2021-02-22,-0.0257383151817574,0.024905821198996314,-0.02279876730917174,0.001578159598904838
2021-02-23,-0.0528362723659912,0.014660557699422538,0.017490208338625246,0.018215594649248157
2021-02-24,0.053912486248470115,0.007721311262501418,0.018370159315311607,0.010198924310752977
2021-02-25,0.034957832951036494,0.0045443011723500515,-0.046226440149218395,-0.007996194803862045
2021-02-26,-0.04363632065985379,0.021459245773201685,0.0036934884948005564,-0.002974619620151664
2021-03-01,0.036945403793192444,-0.029789769310352265,0.0005918002959592883,0.009492810108006067
2021-03-02,-9.601754404375828e-05,0.0009375579185124661,0.03163958168315539,-0.0023057468651258572
2021-03-03,-0.012529531303166253,-0.01271847267261661,-0.012339072315235122,0.0016378188184023035
2021-03-04,0.0296205293252243,-0.01729091338135169,-0.06247481498420937,-0.008581746833623893
2021-03-05,0.012204706929682674,0.005967064435131952,-0.021172039945388077,0.00998368497719615
2021-03-08,-0.04950050830258579,0.004079648976564654,-0.047170603983463066,0.0073284255517780394
2021-03-09,-0.05285740330965194,-0.01456651471829129,-0.03441657661508235,-0.013091873946097454
2021-03-10,-0.05272231620075141,0.0033677571486623314,-0.013082047790196727,-0.007525775817744718
2021-03-11,0.08184596712084002,-0.009327518272939872,0.0007634897949042596,-0.005606594453554714
2021-03-12,-0.03149988174649121,0.023289990796041993,-0.027210222398912465,-0.013455226710239132
2021-03-15,-0.0485256785675261,-0.013794886021047947,0.049779809836698385,0.004357150192280557
2021-03-16,0.0010397510852031555,0.04535553421889649,-0.0010469034525455445,-0.0009136946827560388
2021-03-17,0.04792798194060888,0.01392030743303696,-0.03091583938602982,-0.016052862610009044
2021-03-18,0.07826371413899813,-0.026046878323601086,-0.050345679875607674,0.0023196337897408714
2021-03-19,0.019719076730583263,-0.007209905751677126,0.05503835815644109,0.006684884230588217
2021-03-22,0.0889691462800748,0.014371986124647407,0.002043483034684268,-0.006260842674206679
2021-03-23,0.012823574817405259,-0.05996404050318482,-0.04168576660351331,0.009937112955128002
2021-03-24,-0.003606988310174697,-0.007036078907886711,-0.012593486467918247,-0.002095325241190382
2021-03-25,0.0066922691323783035,-0.012507321256017834,0.03939470761463926,0.007216967118834461
2021-03-26,0.0671609185263804,-0.05499144892972374,0.004871391568341155,0.010028203015696402
2021-03-29,-0.0034631802885483065,-0.05303246817999974,-0.05173142533265651,-0.004915434822092113
2021-03-30,-0.015091458107485134,-0.022407307350840955,0.03284569010003224,0.008587362229218964
2021-03-31,-0.011747393231366754,0.00785211594907853,0.0013100156002325836,0.0002470863487344932
2021-04-01,-0.028159219644996236,0.011184526383185789,0.019996956122779963,0.0055460872676615924
2021-04-02,-0.026549890139102472,0.013183587610333003,0.018386242530757047,-0.0052644981359336596
2021-04-05,0.00745802187231992,-0.0016920109917493154,-0.044068124961609834,-0.007062762053668181
2021-04-06,0.017710467143333908,-0.020387985125540742,-0.005066195076435465,-0.004713676765228048
2021-04-07,-0.07573165571238316,-0.03847073419017655,-0.04252284745003421,-0.012722666966805574
2021-04-08,-0.05441749552391206,-0.017903151720495836,-0.02022466256731914,-0.0072680936939718555
2021-04-09,-0.05367169898979873,0.006140972824187463,-0.037091120064718375,-0.011018866613467182
2021-04-12,-0.015730288073977583,0.0041422097802372715,0.012212080948999171,0.007875171074647414
2021-04-13,0.014341609361996355,-0.008091815975216687,-0.03265699629568586,0.01203064332139614
2021-04-14,0.007668300036309361,-0.025220299379672295,0.020012187116692726,0.0008144792269748624
2021-04-15,-0.0046129378712836955,-0.0077002114127910914,0.04502820391086382,0.007207700302658049
2021-04-16,-0.005291259761090905,0.0013808754071034102,-0.06033342146426668,-0.004270571209730956
2021-04-19,0.02254951075561107,-0.0069499961732987225,0.0013030649809091521,-0.012920589258883619
2021-04-20,-0.044539658643322655,-0.019943768843111775,-0.014802271737478834,-0.010438154745444517
2021-04-21,-0.050147982171660166,-0.02489938829392191,-0.012232524475257689,0.00523857789660509
2021-04-22,-0.04476089144912232,0.007432140021954581,0.01983324306037959,0.005140845838544905
2021-04-23,0.04369699746976341,-0.0010933800962946716,0.00010366229221725476,0.02262259668627764
2021-04-26,-0.021607492526985572,0.037892070663234856,-0.013530190143320353,0.00767459801121273
2021-04-27,-0.008859087890574102,0.014352244506329326,0.03440354136838475,0.012757943601791055
2021-04-28,0.02825956091031867,-0.01758729301355455,0.021631547674983542,0.0037883088138825904
2021-04-29,0.004101103318390864,0.006060243106298602,-0.028810348317612977,-7.687699473135634e-05
2021-04-30,0.06153036437487214,-0.026899691996170816,0.014632754043995444,0.00018947330740082258
2021-05-03,0.001608907188372255,-0.0301969750107679,0.02828474882298404,0.003716560893233467
2021-05-04,0.11465711928868294,0.014645851355002737,-0.015826827786517228,0.0015799171656987188
2021-05-05,-0.03545355106268089,-0.018553626884261765,4.5005795407782045e-05,0.0002612221671334236
2021-05-06,0.02170938787522858,-0.003992254354702074,-0.04553096716856131,-0.009907045181962282
2021-05-07,-0.04791559591879324,0.02525220791865257,0.023135546615210556,0.0005875704869644505
2021-05-10,0.0025884294374245442,0.0038329658759714835,0.013076978491982194,-0.0215396689442392
2021-05-11,-0.003490462560603813,-0.022625473380892935,0.03528716570836066,-0.004179059375513217
2021-05-12,-0.009943938367960481,0.0028062059174351894,0.0004557281804771218,-0.017336784297293906
2021-05-13,0.020019556470187494,-0.0308224636274137,0.052377624366013675,-0.008297278279502551
2021-05-14,-0.022262899586965812,-0.033698403366484886,-0.02008830614277679,0.0019869397617076068
2021-05-17,0.009061688217630204,-0.01162601614050085,0.03752546492770059,-0.0025937756291640746
2021-05-18,0.03663891233011918,0.006580683834205736,0.03271254309901517,0.001054974709791212
2021-05-19,-0.06332816107166916,0.01571796966612582,0.02037146324288086,-0.004028021447666563
2021-05-20,-0.026388692969062655,0.03694800732584147,-0.049910328783740354,-0.0059650002737139385
2021-05-21,-0.08580399319891463,-0.0040902556259767575,0.012129073369312238,0.01410815926162523
2021-05-24,0.03272741519912348,-0.009353858802175097,-0.0010400260190345234,0.004594616132171936
2021-05-25,0.02107219178205999,0.0019694092366309146,0.03858688398710797,0.0030153161450638954
2021-05-26,0.038345417013726735,0.002723804036882438,0.03131740758414181,-0.0005080583586549725
2021-05-27,-0.023183986969422032,-0.00014026249875287444,0.011754595420752967,-0.010992588617645183
2021-05-28,0.03194875463707225,0.024816309492931232,-0.0006453951617606535,0.006098926034064922
2021-05-31,0.02845206642036313,-0.017419221814114927,-0.01848098689295552,-0.007926078359322242
2021-06-01,0.015153100334664105,0.0042188505003633026,0.00406646443154024,-0.0031806729083661
2021-06-02,-0.026455237575536028,-0.02638312231453732,0.03836749207864543,-0.0007777571512641579
2021-06-03,-0.0040680569594923055,-0.02445889265887824,-0.01775081764897124,0.0004252466876693006
2021-06-04,-0.008242677157340617,0.011141585370448182,0.05271298962527737,0.012877324978528115
2021-06-07,-0.004403351341945694,0.029022235748986658,0.03560668519604615,-0.0005233622779435843
2021-06-08,0.03123749531168918,-0.017192207316226504,-0.04639109829192456,-0.0016556614297431604
2021-06-09,-0.023653177438730744,0.0011303873384413965,-0.035862771875453725,0.002312194807663648
2021-06-10,-0.0025490152343904393,0.002669471668940826,0.02028414841226822,0.011174813649680537
2021-06-11,0.04644541873063823,0.0014248782058770004,0.018536848808426987,-0.011820156752153754
2021-06-14,-0.05611483816145679,0.009448528076082097,-0.003338906677068043,-0.007820256790706304
2021-06-15,-0.045521692490961274,-0.008841588943684808,0.026112592376086985,0.002931111493773564
2021-06-16,0.06594950965964053,0.016641371726916043,-0.034066283892869365,-0.007930629726376037
2021-06-17,-0.01223532640429692,-0.00447735032072194,0.0013313268509258513,-0.0036809237314450183
2021-06-18,0.025858658252851274,-0.024602216613670902,0.09513298087624777,0.007591950572263695
2021-06-21,-0.007887628966670501,0.004249964449749566,-0.002698832726605649,0.005425023874878754
2021-06-22,-0.026799603031712138,-0.030519421884525166,0.057836845589507524,0.01381404652909346
2021-06-23,-0.0019618671757970496,-0.005851030342047592,0.001871976898909944,-0.006150723455026208
2021-06-24,-0.004294899956819642,0.0015979872503737447,0.022253423443462594,-0.00400737325609779
2021-06-25,-0.024024613905583858,-0.0052457647854052825,0.026033153803463494,-0.0069191170181167605
2021-06-28,0.04150582170779593,0.020571102137438402,0.023919493759141153,0.002613276736031178
2021-06-29,-0.01770645303342333,0.043035078736207266,-0.03255901922098414,-0.006652857639120047
2021-06-30,0.04983573206474157,-0.014917522214467627,-0.023027938688740313,0.008151869726336525
2021-07-01,-0.00031582463196511146,0.02338362118448356,-0.0018734813755807433,-0.006302339555869785
2021-07-02,0.028144258077456463,0.043553089234458,-0.00951237400345073,-0.008682066327517779
2021-07-05,0.07388319868895188,-0.0049676737153363515,-0.0028212294746461364,0.011021865603815018
2021-07-06,-0.019853322020725206,0.030539385866405366,-0.015115942309542052,-0.0073968430816006014
2021-07-07,0.06643652170023828,0.02204209475722596,-0.014465975140062537,0.012599041813008194
2021-07-08,-0.0487040233314715,-0.0005192201958825748,0.005675198052512487,-0.009196699568693734
2021-07-09,0.03122265846580219,-0.0084351808568085,0.05063006439605178,-0.0030331734189648074
2021-07-12,-0.012295363216582866,0.02689329215760683,-0.010730780574735865,0.0030140708750472367
2021-07-13,0.021606654948732595,0.002901229455295251,-0.046577781605457336,-0.0016250721571274829
2021-07-14,0.01945302285444761,0.007361222590877681,-0.0036873613380686843,-0.007648302010990871
2021-07-15,0.03552135683184021,-0.0016669291040490863,0.04881861919669639,0.0074685394202416155
2021-07-16,0.028260192020790553,-6.844769692571084e-05,-0.041956742935737146,0.008624304885961775
2021-07-19,-0.016131123739993147,-0.026352366575765673,-0.021164103522230526,0.00823453041469735
2021-07-20,-0.0436805716703772,-0.030803124502952195,0.02681858112702762,-0.015503720278336797
2021-07-21,-0.03437134014966936,-0.02342060228549614,0.04504073996621982,-0.010483991923354252
2021-07-22,-0.08142172260964797,0.014939742866389993,0.027602874978874148,0.0212233138523088
2021-07-23,-0.022709433656551314,0.011410799315012543,0.04215567364058104,0.008312644578485795
2021-07-26,0.05275068471717326,0.0029549199284779615,-0.027894272999047343,0.01361439014565713
2021-07-27,-0.056583140006617794,0.032800167732232266,-0.01595977058852871,-0.003316806490988422
2021-07-28,-0.06830847423877462,-0.036877089102413385,0.03924983321809461,0.006539935213445647
2021-07-29,-0.004603197522637048,-0.011595589331924283,-0.008128239006233495,-0.0045588113725058
2021-07-30,-0.019213914229116558,0.009748612518946098,0.026230619298690527,0.026281401594774767
2021-08-02,-0.02323965969964248,-0.015060385495766493,-0.0012532497726988057,-1.690040398838466e-05
2021-08-03,-0.007059511518000772,0.010327914356872858,0.0005069996655040487,0.006189243635867925
2021-08-04,0.057859497211643296,-0.014669884216016227,0.04462810342480217,0.007732861559119009
2021-08-05,0.014994807465038784,0.007610332909967266,-0.028702177876624768,0.0063597229326057825
2021-08-06,-0.04378732992427237,0.019841681355412977,0.04165218056089537,-0.030292967993083453
2021-08-09,-0.029117437502770738,0.021026331748378757,-0.039215465894028245,-0.0013126184914492578
2021-08-10,0.008211313173733359,-0.0014446819455262716,-0.01238078312140889,-0.004637847208160295
2021-08-11,0.025178312714535078,-0.010124102062887053,0.015864898069113398,-0.008612424528122387
2021-08-12,0.02388820466469732,0.02335864170385671,-0.06641681461274329,0.0015490530119035562
2021-08-13,0.06755482581558536,-0.009126460440345152,-0.000441514127896947,0.0008793633476944507
2021-08-16,0.01239974117059317,-0.005037182361257719,-0.007723341310588827,-0.011356773176065094
2021-08-17,-0.00545368769373622,-0.023551315005530427,-0.04514354803070808,0.010383903321542265
2021-08-18,0.03910587587790393,-0.005217836539473497,-0.011491784071090638,0.0031801278306773373
2021-08-19,-0.029477603187845314,0.01583473820801906,-0.02041022580812768,0.008236774860527207
2021-08-20,0.05678338202998545,-0.0004599930012275655,0.001435277159722359,0.007653633781849578
2021-08-23,-0.009077533270246962,0.0009600625247414563,0.039031999303842824,-0.009274556665389566
2021-08-24,-0.0020149064394620053,0.027417218292228318,-0.08858539576118518,-0.0038024696266890645
2021-08-25,0.0002518480762898623,0.000829585494348084,0.02940011923557284,-0.0024085891357094047
2021-08-26,-0.041140369793888465,0.014266644553423857,-0.02068701982444021,-0.0032244968628352133
2021-08-27,0.0077799490689320905,-0.005840403345361289,-0.010089250933746796,-0.009594638490084129
2021-08-30,0.04072293882101197,-0.03178168773367129,-0.05999650791876188,0.012807474339539437
2021-08-31,-0.011013998284320037,0.039405384781249,0.008559564897130167,-0.009060065630457803
2021-09-01,0.026277051675939855,0.015501398401498001,0.003886170018896351,0.003384879576152411
2021-09-02,0.05454432794796471,-0.007247290249827842,-0.03751563596247587,0.012058722827139823
2021-09-03,-0.03185593058552627,0.020288481730853958,0.03223793690379462,0.014254848136811216
2021-09-06,0.028357341370182976,-0.04091187184674305,0.05173104049490895,0.009260591232190585
2021-09-07,0.016920411590466644,-0.0168429591608924,-0.031805818019860044,-0.0008283422843621269
2021-09-08,-0.0384628030478692,-0.021157029014325035,0.018727845537666266,0.007819665150186283
2021-09-09,-0.04015582413335039,-0.006044432319766813,-0.03504948144481024,-0.022328640462083493
2021-09-10,0.005951962188143645,0.012880854488385829,-0.021551389248495867,-0.002306699000237722
2021-09-13,0.028015202405006434,0.0009731991363230996,-0.0011335837234870416,-0.008391568745315325
2021-09-14,-0.03095662393713794,-0.019521857982278568,-0.04124199204197154,-0.0008678329149112152
2021-09-15,-0.021959029602244717,-0.05943321326269779,0.01955093302262556,0.0054000198041372904
2021-09-16,-0.01397810462786997,0.0036081055210948065,0.029168164838658583,-0.007135715737829118
2021-09-17,-0.03333502010496392,0.02393526531940049,0.04110607688430612,0.0013680428071620732
2021-09-20,0.014048120658504581,0.01822860737227394,0.04666451607733535,0.005734890854596886
2021-09-21,0.039592270387561745,-0.04613958523037276,-0.004563378843030819,-0.006566602204052474
2021-09-22,-0.008172730566210817,-0.018234316331888656,-4.872866237293216e-05,0.005586462259894676
2021-09-23,-0.021948129174202413,0.019294899343998306,0.05246297592378535,0.008536955242656408
2021-09-24,0.051239399076297376,0.02002071696109131,0.01574914359074553,0.007250237546125415
2021-09-27,0.027703627797006636,-0.007249001950232259,0.025598072130621485,0.002860573970838276
2021-09-28,-0.024562380121976313,0.035391544278847054,-0.057313960923511376,0.012823002320888843
2021-09-29,-0.07584821625311544,-0.04226699600312578,0.021825844282428175,-0.007683194970310225
2021-09-30,0.006648328848514629,-0.00010425180790407662,-0.02630175602580409,0.0019000540597695625
2021-10-01,-0.010739769807404542,0.000848053511127711,0.01991650980671933,0.015332081871318293
2021-10-04,-0.037230544036600755,0.01950987631886747,0.012365835070979658,0.013551671173724245
2021-10-05,-0.03954518554150288,-0.01573818122254167,-0.019593699627050376,-0.009164800729884792
2021-10-06,0.023656064020237455,0.056317045873384375,0.03195163096177267,-0.006792153693543357
2021-10-07,-0.046173839124901694,-0.03861757454403758,0.017531712184833514,-0.00504500665586316
2021-10-08,-0.018074443888210445,0.0051249262679538,-0.02766440864096764,-0.005567359480043943
2021-10-11,0.042733861337503676,0.03282621144718001,0.009338520041754395,-0.010628070335112483
2021-10-12,0.02417824902071386,-0.022457943152061732,0.0025937376113698285,0.00651255477416246
2021-10-13,0.02239233207867919,-0.022593824419079755,-0.0005147271430022693,0.00034278449674429723
2021-10-14,-0.07491563158716508,0.00797486493326538,0.01331644665948728,0.008467473724332208
2021-10-15,0.006176984850580602,-0.011954370574946305,-0.03313840183747707,-0.0012339200572488718
2021-10-18,0.03719241850507182,-0.031169278313335935,-0.054512018887115765,0.0026285545830171397
2021-10-19,-0.0020932760634300163,0.007600178585595918,5.586648130306848e-05,0.005325768253223284
2021-10-20,0.0035590207314117883,-0.050979894351200206,0.016404086027387077,-0.01459708426425499
2021-10-21,0.04591839611519499,-0.012557661395701247,0.00874365762765339,0.008508503337083306
2021-10-22,-0.052845256993476974,0.04247640261259589,0.015361007284961703,-0.003087364082030919
2021-10-25,0.0188921030909448,-0.01685519167883598,-0.004142302501849993,-0.01011148234104342
2021-10-26,0.020523818686067896,-0.013321022307545616,0.004062821352018631,0.004163398738313395
2021-10-27,-0.05262872473129254,0.010302659823790972,0.006823825075515044,0.004641368415813751
2021-10-28,0.005292328811816294,0.014679162307209559,0.008521468891838024,0.01564865006921501
2021-10-29,-0.03371999104792689,0.016306431462596915,0.014593652218579667,0.009475715306663357
2021-11-01,0.06512162538123234,-0.0611809056540733,0.017709279350290208,0.012417742427728973
2021-11-02,0.04599802584190149,0.009104903292624034,0.012805128663300858,-0.0040168113383316495
2021-11-03,-0.027688878839713382,-0.03130780143069878,-0.00420727220213668,-0.004808319809529782
2021-11-04,0.011025595851256398,0.009994296982160256,-0.00478030211007574,-0.00244129173723473
2021-11-05,0.08246191519381418,0.008807986015959779,0.034334675896217526,-0.011934305106303222
2021-11-08,-0.024031997048196807,0.0003850806782255134,0.04401434889883471,-0.030602880296797808
2021-11-09,-0.03768612649323577,-0.02362253658097835,-0.012442675762474154,0.0032198822363822543
2021-11-10,-0.03859159963471148,-0.0430742980586416,0.002891896333212074,-0.009996877178191532
2021-11-11,0.02639322730514637,0.036724201936444434,-0.007280492746746692,-0.005391922314949005
2021-11-12,-0.03322430258330811,0.04678734869540646,0.04325768818929365,0.007483438473384174
2021-11-15,0.008553389192697214,0.02523138865319341,0.002886294504472753,-0.004661207589660377
2021-11-16,0.03896622666125005,0.0020257716389011637,0.024827375228573922,0.0011513640920637336
2021-11-17,0.03760078823732882,0.02320829448326389,0.038488547167490506,0.005525669783352116
2021-11-18,-0.03582972816021335,0.01350402038685572,-0.0761746711762108,0.006847972543742253
2021-11-19,-0.015819555048144696,0.018821893650701194,-0.040021161367989944,-8.805279859647186e-05
2021-11-22,-0.01101424552832242,-0.024294196839512727,0.014708773684850573,0.003057521717191314
2021-11-23,-0.007401604827334651,0.01789852226336275,0.012016561280531635,0.009345913901863678
2021-11-24,-0.012399458574201883,-0.013925673948153694,-0.017699590169454216,-0.003021381393966127
2021-11-25,2.2579927696275703e-05,-0.014586783535779135,-0.0284664210244695,-0.012895780752998798
2021-11-26,-0.05248757476080179,0.019918857801688672,0.0619384972433652,-0.016775485295493886
2021-11-29,-0.025222351251314,0.011657017951310022,-0.010288498626813247,0.006768147013868964
2021-11-30,0.039566102780604906,-0.02686532074742387,0.011305629200957235,-0.015663285264666538
2021-12-01,0.03754243281567593,-0.020537122819932807,0.021207629079284196,-0.018036461366639944
2021-12-02,-0.014616151451280368,0.010820385122104703,-0.01673807960842999,0.002214740334155918
2021-12-03,-0.021249442399524532,0.02412692363209734,0.054891749132848666,-0.003055925595092379
2021-12-06,-0.03226057774297342,0.02198846514833841,0.00013144087015226624,-0.003427405226143043
2021-12-07,-0.03260946985776503,0.0012388071633493425,-0.023941383853620324,-0.0022216151460697775
2021-12-08,0.0787522735570847,0.014915309473419791,0.03932559492513099,0.015835555071632923
2021-12-09,0.002440199107183183,-0.0022115373312810993,0.023908611077788633,-0.010318821383917931
2021-12-10,0.054019852354995956,-0.0009280276032098689,0.05447314839633943,0.014715667661580945
2021-12-13,0.020175993771552436,0.023890492789899742,0.008198281336465829,0.0029313247553222066
2021-12-14,-0.017203485106111138,-0.012255880204060987,0.017986298141309698,-0.005710621840079755
2021-12-15,0.009169484799266714,0.0035496302908819555,-0.019722667297883967,0.005620479099474496
2021-12-16,-0.008265967325853163,-0.005279910011333988,-0.05199899119293583,0.00309544241115578
2021-12-17,-0.0082926991469916,0.012760872561629943,-0.016293913104857394,0.013097362571527382
2021-12-20,0.05003816284271001,-0.027419127892344908,0.02317672036005347,-0.00024887479108148813
2021-12-21,0.009528971890931048,0.011582535402402838,-0.010092701779332303,-0.0009429887620290289
2021-12-22,0.0204891168772805,0.003792474797890355,0.000629498487497937,0.0028706463606658073
2021-12-23,-0.022733631204124416,-0.005086167319591661,0.0039121049767725236,-0.0069041282072634935
2021-12-24,0.00951523815519506,0.014971442588262995,0.00879895094559724,-0.012216131189672241
2021-12-27,-0.0068598818640585035,0.043582451661968724,-0.01447110599485657,0.0006776876889800221
2021-12-28,-0.024216319666619746,0.005268797522670177,0.004231507312022709,0.010969177013074427
2021-12-29,-0.0339008052664832,-0.0011024512185835444,0.007579361015602082,0.0060924556308750155
2021-12-30,0.028592769803725604,-0.006692699651412615,0.04180813350719559,0.008968027791270261
2021-12-31,0.03755355997710752,-0.018411313843247235,-0.04037102533042769,-0.015512112123033939
2022-01-03,0.0427303266047685,-0.010098485861195772,-0.03186059651434814,0.003619837735048037
2022-01-04,0.01510239734552199,0.014398973001853,-0.0004503368666720631,-0.0193165872468547
2022-01-05,-0.004586350313483756,-0.014879505227383016,-0.03499895657288998,0.003732194174011827
2022-01-06,0.0007977495768876075,-0.012904347917813141,-0.04013809307065663,0.008299755613156767
2022-01-07,-0.048092185756294814,0.009894128600565377,-0.00875091893800739,0.006434152053484299
2022-01-10,0.0680707589407985,-0.01886372587447771,0.045700999485014604,0.00024022949621094192
2022-01-11,0.0036944230890840757,-0.021765790570725918,0.02348700250101099,-0.004868553060012548
2022-01-12,-0.012829030131976005,-0.011102994044030035,-0.00940640315271335,0.00452929358651466
2022-01-13,0.048482386406489386,-0.01979475666091468,-0.0031737379755324424,0.006543298170293976
2022-01-14,-0.001494041883351116,0.014393997804638792,-0.00900901760821926,-0.0003258777745472896
2022-01-17,0.06643111684570613,0.05478879159073169,0.004900386687900715,-0.008120436046112012
2022-01-18,-0.0393492226903942,-0.020346364647072512,-0.014974166865225236,-0.0034476589798480006
2022-01-19,-0.005935143244310215,-0.0069709890707824185,0.011140342218977972,0.007323654103782218
2022-01-20,0.004447152570862256,0.03435285082555484,-0.025893310895711452,0.010091139525426174
2022-01-21,-0.03664176072555503,-0.003285169793414644,-0.030391071221032795,-0.0064441534567014624
2022-01-24,-0.020181238841632587,0.01916038997581926,0.057151759021650816,-0.008666907178736971
2022-01-25,0.007348768093619951,-0.016398536755298343,0.005183941521896385,-0.01291449526177868
2022-01-26,0.027713466286384714,-0.017899022949772303,-0.023028230330036648,0.010731247632251417
2022-01-27,0.015035254816997856,0.01763476512488582,0.062471799655830385,-0.00648808960641023
2022-01-28,0.03830649367545358,0.004892946188812308,0.02772269109113057,0.00599461921932587
2022-01-31,0.0045977648192756515,-0.016296249432223187,0.04396948457568661,-0.006842892049890303
2022-02-01,0.0058617558360198885,0.021170993869562338,0.03726462242202433,-0.0012262716516882044
2022-02-02,-0.012040319840791458,-0.017776074501207884,0.003309460466105474,-0.01312452715464374
2022-02-03,-0.0045242299383047024,-0.01205116988055066,-0.0263360192452049,-0.007686021424213818
2022-02-04,-0.044190614674313844,-0.0019215422523178871,0.0004864985356818341,0.011717833817684653
2022-02-07,0.03596640947942942,-0.022099559352890763,0.022834692342055485,-0.0022567397090241803
2022-02-08,-0.07423321134491945,-0.018757132672375443,-0.01257025310654003,0.01066484386600286
2022-02-09,-0.04173362053863994,0.036668480041824436,0.026528265390115102,0.01440621595802094
2022-02-10,-0.001784247863655719,-0.03243005104880348,0.04237832112629403,0.011360793809563674
2022-02-11,-0.00398907911517965,-0.04452125472481028,0.0540271009562292,-0.008623951178339917
2022-02-14,0.014128830674523085,-0.0015812833833299678,0.019395429757979032,-0.004683877134121661
2022-02-15,0.037835597040077884,0.04706190422753043,-0.002838766423915229,0.0003738897045866274
2022-02-16,0.08149073461369438,0.0129399304045823,-0.050801836686930946,-0.01465664234865871
2022-02-17,0.05019789584008283,-0.011060672493625523,0.00812842329544683,-0.00587838689433684
2022-02-18,0.052423161709339805,0.002100150169873416,0.041903286679400464,0.002632541454945736
2022-02-21,-0.01944419354419402,0.0015309483227987641,0.010589155940304629,-0.003037517041552751
2022-02-22,-0.0059213562560485045,-0.028989367708053826,-0.041176418262213854,0.0029227015226680475
2022-02-23,0.09670870287765077,-0.01226764437994532,0.0052699334576007395,-0.0009282321386447911
2022-02-24,-0.00022541289472532977,-0.023740034860785575,0.029120429959442973,0.0013909260339337592
2022-02-25,0.03933887803500036,0.022348646939570838,0.019004667955031973,-0.013668761853346423
2022-02-28,-0.017785372215930795,-0.006422085616845652,-0.00771145565525444,0.007658731159605914
2022-03-01,-0.005568085502343778,-0.005337554027986746,-0.022147126120699245,0.010783321676937074
2022-03-02,-0.010218711062325636,-0.010352296216552204,0.04231254525566208,0.006898392446178292
2022-03-03,-0.044715466086166056,0.010999517462564112,-2.1801655301523226e-05,-0.006382039294311581
2022-03-04,0.07697266915423073,-0.012601088251787296,-0.027910955779303137,0.006174794085372914
2022-03-07,-0.005085417950602467,0.036257143240919776,-0.02748343543564824,-0.016027291932014354
2022-03-08,0.0068949061256953215,-0.031057533582722008,0.0023732544330403726,0.00778144551349258
2022-03-09,-0.04274580672181616,-0.009478750765526733,0.010155612045382956,-0.0036192009556117455
2022-03-10,0.029371760533903668,0.039293354869774255,0.04770542217004503,0.0026955890605528943
2022-03-11,0.0036874290676829347,0.007986020105640534,-0.014391951447380702,0.01111084286124786
2022-03-14,0.02153477827597583,-0.0055788609502568365,0.004915697495152083,-0.005922399031815573
2022-03-15,0.04647717122153505,0.014220915164686376,0.011699569707356527,0.009461208387610665
2022-03-16,0.009457892250855693,0.008967063446643664,-0.009364618014937598,-0.01928565868102139
2022-03-17,0.006282578320225385,-0.011363619226343213,-0.015115301986890484,0.002763581137043003
2022-03-18,0.0018270636570034693,-0.04731208899051731,-0.024232857333430502,0.00730656123490947
2022-03-21,0.03650533547160628,-0.026953375152222736,-0.01755224835663305,0.0009972635438273425
2022-03-22,-0.07141961404948016,-0.0479878792096462,0.008921326928916562,0.01009366073853113
2022-03-23,-0.03480649420018189,0.0001626089790915941,0.021300478846680404,-0.0005811622237591463
2022-03-24,-0.018148631870943177,-0.014714702843709238,0.016841559572073894,0.009671314053084412
2022-03-25,-0.04792331318713028,7.19838712726073e-05,-0.035122804892246506,0.005468842289194198
2022-03-28,-0.035964869080281736,-0.019694890467168213,-0.028297289097673706,0.011412818657087653
2022-03-29,0.012157159715992405,-0.01898989856659883,-0.015103906004582779,-0.0030542167735804204
2022-03-30,0.013370847734186508,-0.022302004617380633,0.003923255937949399,0.0109048328201935
2022-03-31,-0.03243415974410957,-0.021494614743506335,0.04850333492919168,-0.007294094687054664
2022-04-01,-0.0417829450339654,-0.03160538933875323,-0.04056431624156054,-0.00028494673004242355
2022-04-04,-0.04495300793700052,-0.027928557743230664,-0.05097571911324128,-0.00046620575557176913
2022-04-05,0.020492018452406224,0.004804550969503385,-0.02534278223878872,0.002400633731188151
2022-04-06,0.01459909173991547,-0.019976783308475077,-0.05388013640612277,0.0003128431074248539
2022-04-07,-0.06916381023056517,0.010824545973549426,0.005030909126716443,-0.005418121896477501
2022-04-08,0.06823457383357967,0.002500463994546065,0.028240040414500456,-0.008517871975910363
2022-04-11,0.005151783317329572,0.001484601624484938,0.024744241952613377,-0.017541129880707884
2022-04-12,0.011456404661596586,0.005263941322726007,-0.018498714312032538,0.017402741692755352
2022-04-13,-0.044399080708024674,0.01270645577870777,-0.0008097460006499801,-0.0036338910332639474
2022-04-14,-0.007944927093021636,0.0027393043406731543,-0.04103417055687575,0.0017025065853062404
2022-04-15,-0.043952356686294713,-0.004506551689619331,-0.01275844868479592,-0.002460125148100567
2022-04-18,-0.01872368418790038,0.0013995542258338212,-0.00401560663480216,0.010939533076891772
2022-04-19,-0.029792219806250242,0.045363182022412074,0.01884720829969666,0.0020712928671036135
2022-04-20,0.016903213547338147,0.00571726505889858,-0.014751057753498276,-0.008710707217027824
2022-04-21,-0.035736816063520305,-0.023787987336772454,0.0005425059715102876,-0.0058572422485343445
2022-04-22,-0.029302043034359793,0.005786402304599925,0.00700296818544377,0.004973092579005023
2022-04-25,0.04470665976122867,-0.020457107015338205,-0.020122578901597077,-0.006134613388008581
2022-04-26,-0.053249542792221716,0.056227241949500684,0.0026836765475142244,0.0013983671729727032
2022-04-27,0.09374565657695322,-0.02359275082244272,0.044194431428208336,-0.011499730506138728
2022-04-28,-0.061692560572956134,-0.037015721464191964,-0.016328278304212906,-0.014581763942761117
2022-04-29,-0.0003967660671340134,0.020100173863744963,0.0075494508746889455,-0.006331022191052416
2022-05-02,-0.01777278647111924,-0.008700237493929674,-0.012330890764041258,-7.593933873784042e-05
2022-05-03,0.031474798056699616,-0.016710126256962332,0.054482016653589316,0.0024844334599118945
2022-05-04,-0.07998194451392737,-0.022547811907983606,0.048801251722212946,-0.0008333743315535047
2022-05-05,-0.029625642190567403,0.004471411889461541,0.025771311301732602,0.012796498077545015
2022-05-06,0.06715262723815307,0.02576293556721665,-0.016129915236526293,0.01643519070461763
2022-05-09,-0.009346543493505166,-0.007372755142936338,-0.05118875118709276,0.022939987795401517
2022-05-10,0.01503710373364009,-0.007038267815365318,0.021530573486582938,-0.0010271237526651156
2022-05-11,0.0534392784146811,0.02149342249413455,0.044303050027503676,-0.0005849467693417321
2022-05-12,-0.008729911688052705,0.0015343767474649272,0.020579783140087127,-0.0060453271230056504
2022-05-13,0.0322285627085257,-0.019300610996056955,-0.044921126408361545,0.004692848678034434
2022-05-16,-0.0066161278514935695,0.004079927552006035,-0.01858052835659607,-0.0031876584973468125
2022-05-17,-0.003570530176332465,-0.0012949329370620655,0.009886319643546138,-0.015362567737802757
2022-05-18,0.014994800491367366,-0.023417021299340868,0.03757287470110926,0.008926494689095232
2022-05-19,0.008350048185232328,0.00521197282784569,-0.005952579647715006,-0.02364092285109054
2022-05-20,0.034714584304688545,-0.00923069622408923,0.02130818573235449,-0.000753426021778747
2022-05-23,0.04738918896454858,-0.041558200900093434,-0.003251916132196664,-0.004838473230801665
2022-05-24,0.03397755195668717,-0.01738486824997465,-0.012581394917707822,-0.0038315802795567677
2022-05-25,-0.014020297990260389,-0.013653726485514772,0.009154210630282655,-0.021087998889754322
2022-05-26,-0.04479273743931078,-0.001196181336460711,0.019006324389257978,0.023375816182042763
2022-05-27,-0.03159152470429749,0.03584710657617873,-0.06863429689855904,-0.003495829253238658
2022-05-30,-0.019533768590916156,0.015361284188525115,0.00047314004735321546,-0.0027570583469181953
2022-05-31,0.02436072343248652,-0.040321406623127665,0.020860228136316605,0.005984087773814872
2022-06-01,-0.005531537501280437,-0.007783616652234038,0.04133360135937547,0.0023429457428192357
2022-06-02,0.017135357425263287,-0.015513949838277807,0.016959272449960983,-4.263683659677664e-05
2022-06-03,0.054732917617574595,0.01784582037826965,-0.01845045346812102,-0.012542983897666837
2022-06-06,0.01395738529301127,-0.020980448358277504,-0.009963852034880927,-0.012300224806625515
2022-06-07,-0.0630329092733879,0.02654360762611807,0.06158082603900694,-0.0022565248284370787
2022-06-08,-0.008021516129000372,0.0030461927819105394,-0.023675438459773712,0.006017860975393363
2022-06-09,0.02055319408445988,-0.0046201156497464035,0.03901186289882741,0.010451629642891147
2022-06-10,0.026427815976938218,-0.01182402146380257,-3.026474380773969e-05,-0.00915755565101295
2022-06-13,0.02685440495645164,-0.019641542810125534,-0.015754426469635874,0.004593572588444728
2022-06-14,-0.046797295869838273,0.0005298375326749927,-0.030506433987271042,0.008975303192478856
2022-06-15,-0.08524266084112875,-0.000679433563604448,0.022540198721855642,-0.017419463508372535
2022-06-16,0.06270171057875329,0.008083855426050723,-0.04382198519405589,0.007680329522198326
2022-06-17,0.028679084671941135,-0.037299289351793385,-0.04760457906436655,0.005007578920857236
2022-06-20,0.013954253924463256,-0.026984078174237758,-0.03238492364859502,-0.004553582307582182
2022-06-21,0.018022933003579933,-0.013277530392360792,-0.019353423502005196,-0.005469814917017479
2022-06-22,0.01437300581160983,0.003473211389888986,-0.006822344453149887,0.0017988139421347693
2022-06-23,-0.03592164974558798,-0.006343072608807621,-0.032392071526059385,-0.01424944123466454
2022-06-24,-0.03729331239134548,-0.027298499006713328,-0.034208615397080755,-0.012101142749754268
2022-06-27,-0.05729037883312127,-0.01401837530855421,0.05112406961689042,-0.0008442927225023045
2022-06-28,-0.00518061338325515,0.02699805814834666,-0.08047436367044836,0.0022543876692220355
2022-06-29,-0.04651155247318417,0.06405834273676847,0.02289512665837634,0.00851607321689829
2022-06-30,0.020167624559868758,-0.024069945287285233,0.0023234946029988546,-0.0014630968304828462
2022-07-01,-0.007313280659159149,-0.042580910896458546,0.04238174039757969,0.006796113994631092
2022-07-04,0.008721554252436592,-0.009311674287266203,-0.017144118963087318,0.0026777857315372078
2022-07-05,0.029550589141733363,0.00230309362962422,-0.04490671615932518,-0.011855873783304771
2022-07-06,0.0002431920159939871,0.010524209994159817,-0.0008215416399390829,0.013504517182435727
2022-07-07,0.0033069071180293896,0.01637663359213093,-0.002048476729065496,0.0022500814681420955
2022-07-08,-0.03298420552092529,0.003155578494306699,-0.009273332282698443,-0.011887233411816411
2022-07-11,0.01189232860825018,-0.034247483582970806,0.01795897207977304,-0.020913822284706063
2022-07-12,0.06217696446377441,0.029015731639043363,-0.05918705000460145,0.010839122834375603
2022-07-13,0.013303865901503897,0.06695814850290249,0.025318690084413342,-0.0036273250483151998
2022-07-14,-0.0018633361621472888,-0.013173374468360977,0.0032887752022268124,0.0016921436484271801
2022-07-15,0.049360266074104375,0.04038097145224229,0.016148385012713318,0.009690890868359503
2022-07-18,0.009178155410979993,-0.03843037386291759,0.04377738581459267,-0.009849424451607303
2022-07-19,-0.028244769865138908,-0.009360038680416127,-0.0009895651040953135,0.0067219399996969464
2022-07-20,0.026300155789605872,0.002875462180754962,-0.005638771366041295,-0.007295857076203949
2022-07-21,0.027022160015212737,-0.009875681735031616,-0.007899783903114077,-0.0066313181245692965
2022-07-22,0.015872241201388526,0.004350122909002829,0.0418070311982226,-0.003967614655576712
2022-07-25,-0.006251087747987882,0.009799780250491885,-0.020382873901012233,-0.011786894318107977
2022-07-26,-0.022013840140940544,-0.010455802242742562,-0.0027166858645831793,0.004621987065103417
2022-07-27,-0.030080835999874878,0.00034894589562872724,-0.03579172239497297,-0.01069783837562599
2022-07-28,0.02819637723155899,0.04580861079040588,0.042340391117815956,0.003506696691564448
2022-07-29,-0.016896469179234486,-0.02264133902233434,-0.005973396824293875,-1.4657954233721071e-05
2022-08-01,0.0059998156746330356,0.01060808287801085,-0.0060393339957297565,-0.017578681689375264
2022-08-02,-0.11227655904691125,0.017926482857095527,-0.00593039181471966,0.0027672766285706807
2022-08-03,-0.03330538773129543,-0.004346347837421494,0.014929537666523052,-0.0014391100253241529
2022-08-04,-0.025946480617863643,0.022053287583939207,-0.008772545207258564,-0.009210624580758497
2022-08-05,0.014656044792377143,-0.002808525011008478,0.044734238355959466,-0.000813094844101081
2022-08-08,-0.024255635225452044,-0.007129966204508453,0.08517839032151464,0.0012459937887927541
2022-08-09,-0.007262932894261498,0.02784564139644008,0.020866532476274458,-0.019019854107955814
2022-08-10,-0.011105543971772547,0.002332088181542069,-0.028363541569769724,-0.005546920151112245
2022-08-11,-0.016176178618320325,0.019073747571771715,-0.008702589688943108,-0.0011230817609464427
2022-08-12,0.019730854546364807,-0.002734447204260526,0.002730129935473391,0.0008501554956112933
2022-08-15,-0.019698025047391154,0.0067150157863051785,-0.07434271839268358,0.013903890248485817
2022-08-16,0.009058238405091013,-0.035514607325561776,0.021165603455298276,0.00020018187367965012
2022-08-17,-0.03458238884735054,0.04709334784897168,0.005820474482628235,0.022261105416255367
2022-08-18,-0.05515616817645441,-0.006020882111327341,0.01993321711173701,0.010052996523364888
2022-08-19,0.04557201135700617,0.008033612281107994,-0.0062987088058897855,0.005765058816909585
2022-08-22,0.03623382703558553,0.012329112946702692,-0.009230613762731044,-0.009034891927689914
2022-08-23,-0.005783864375005443,0.023252535365779536,0.012053559167354289,-0.013817926025878613
2022-08-24,-0.030059004491016172,0.01816487661401589,-0.01683446354444773,0.007689876197144674
2022-08-25,0.0036793692498708896,-0.009226917708099247,-0.011493793722933243,0.016267280228642544
2022-08-26,0.0038492881394693867,-0.0062581102593533,-0.01192154677763635,0.007241132425414909
2022-08-29,0.036666163683404696,0.008924701044273231,0.040428374590752325,-0.010985437025632261
2022-08-30,-0.06751489793990628,-0.02753003815388677,0.0007508730562519883,-0.014873896089257821
2022-08-31,-0.08108687764260958,0.01444454218139879,-0.03969942583116226,-0.004059303600346786
2022-09-01,-0.08543752066123023,-0.02428927772171252,0.011971560098104073,0.00018528455798616505
2022-09-02,0.020436423249662994,-0.008342156825550173,-0.02561033768779919,0.005681977086023027
2022-09-05,-0.02528544027508306,0.012653654131875358,0.004242464075192576,-0.0002023382278996122
2022-09-06,0.05234839240507161,0.005276328861768542,0.006947256224663079,-0.00046986020628159153
2022-09-07,0.013426075986340935,0.004660321790599831,-0.02740555053890137,0.0031022758825003383
2022-09-08,-0.01753721788312268,-0.009973323893443964,-0.03705639755554824,0.022378422741421655
2022-09-09,-0.037217624001126604,0.024894469827007937,-0.007299038916818046,-0.007874367011612593
2022-09-12,-0.05825898957213893,0.01917445516721128,0.010877924151787344,0.014071937383137056
2022-09-13,0.047752078442814705,0.00428732281249844,0.03596634134083487,-0.00717194495110729
2022-09-14,0.008398161109627544,-0.015381212404302347,0.0010955758427102502,-0.006346876914934518
2022-09-15,0.017175741187999582,-0.016875691185133657,-0.00166979217526253,0.00474587721263342
2022-09-16,0.0062148375293031854,0.04859897667383439,0.012307418251335633,0.002831206806828357
2022-09-19,0.030101340335707993,0.007512507458000917,-0.00040284718794481034,-0.00898747082952045
2022-09-20,-0.019679855824665804,-0.039674877373257034,0.021679321448460076,0.017725087843112997
2022-09-21,-0.03234607295143177,-0.0053130034374150314,0.05349134456385429,-0.005023258647604667
2022-09-22,-0.03468260493914399,0.0213919782666383,0.019839590266566454,-0.011420026699422547
2022-09-23,0.04557375845676104,-0.02124334653605764,-0.013793605316450464,-0.012220851003162725
2022-09-26,0.055997985424632635,-0.007373655299115378,0.004821895353534833,-0.01645969763041577
2022-09-27,-0.055526373716483945,-0.017940616251980734,0.013953153271478502,4.5724538825009375e-05
2022-09-28,0.025271558790666004,-0.03406998616628154,0.06301517322546069,0.008137650759933779
2022-09-29,0.021264763738818138,-0.016493707167221205,0.021889735204986716,-0.018686006233233132
2022-09-30,0.03034125200841853,-0.012492849819048968,-0.027209693833083137,0.004705967757358431
2022-10-03,-0.031891016415647844,-0.007529635034590254,-0.00998859795534024,0.007404046595940406
2022-10-04,-0.029332845552762832,0.013513768279896032,0.008529036995035488,0.017720817586881266
2022-10-05,-0.06687733345296831,-0.012285913160575368,-0.07041527395753377,0.003404896025680504
2022-10-06,-0.06877141427231304,-0.03489066629411519,0.011309055466502294,0.005222666748346594
2022-10-07,-0.032017948305978594,0.0007087345322891458,0.014177774436553436,-0.00742031207413385
2022-10-10,0.02059379641894532,-0.044632915153962616,-0.01785850921085197,-0.0181728492911567
2022-10-11,-0.0053116264511924305,0.0072837978539967985,0.034456518188831,-0.0010072481904557229
2022-10-12,0.020087828012331332,-0.009900625544156938,0.01687915790212835,0.007409660440812704
2022-10-13,0.016386392159857266,0.015764859169993928,-0.012925370495235011,0.018449158783555797
2022-10-14,-0.014539492521956299,0.00774953661149369,-0.023316388745568406,-0.005717989020391667
2022-10-17,-0.01647898189741437,0.03642695751358693,-0.032841037112195326,-0.0007264123336857553
2022-10-18,0.02030734995307326,-0.01239021315671307,0.025905392886365952,-0.010971123984080289
2022-10-19,-0.003791495861078298,0.009093772779454223,0.03936374462621739,-0.01559205155718335
2022-10-20,0.023287789813162707,-0.008997330583359164,0.00020215769821918528,-0.01459787581737193
2022-10-21,-0.018317867965081835,-0.012687242121878661,0.06655277554021177,0.018233955531860913
2022-10-24,-0.03643772218924635,-0.014347687217987404,-0.0034950603322696505,-0.012437895157045298
2022-10-25,-0.009475715346479507,0.005348310310242743,-0.01152684104862678,-0.0016894274008788512
2022-10-26,0.02306915186080416,0.05288024683199222,-0.016293521248556098,-0.00599091362785642
2022-10-27,0.05106871309655414,-0.0013740987086424683,0.020593757438071902,0.002942536569521481
2022-10-28,-0.07240477670553358,0.0057956738076545555,-0.0007732540625138284,0.0019502070847572384
2022-10-31,-0.033464782922382086,-0.005890421035126714,0.021873609840319164,0.012980983111196887
2022-11-01,-0.017340447291933292,0.0074432340640606665,-0.014588948644848387,0.0009643156927419128
2022-11-02,-0.0448811499406403,-0.04542048234069851,-0.02403311822813492,-0.01812778420778527
2022-11-03,-0.059150268100864545,0.012639913924125334,0.01309962376193119,0.005823382504239749
2022-11-04,-0.04450895067691385,-0.007727028585747808,-0.024825805658538536,0.010591201401376038
2022-11-07,0.026117164720617536,-0.013700137825214842,-0.015234361443989597,0.0018807910693208196
2022-11-08,-0.0358324796909093,-0.03682029617830229,0.044055058837170424,0.01080141104709953
2022-11-09,-0.05062683996031114,0.02057506135935072,-0.03113513533159118,-0.007319642594011411
2022-11-10,0.010254518475384833,-0.005387209647745084,0.03409373110837555,-0.0006751537516085371
2022-11-11,0.048985975626734124,-0.012770163800066014,-0.005128943241159534,-0.003581300498199491
2022-11-14,0.03328264425872196,0.017890798657578033,0.01766791144817148,0.009192219812313551
2022-11-15,-0.025515463170197372,-0.013673936727843228,0.03364994502919272,-0.002786502618612463
2022-11-16,0.03991805002057269,-0.00871542745270526,-0.0293666604062226,-0.010535578063919915
2022-11-17,-0.04168750665755372,0.008301433875431918,0.023534210172006187,0.002804830716923501
2022-11-18,-0.0014762856238998978,0.0013873598373574936,0.025249151549378235,0.0020042296361961753
2022-11-21,-0.05132790026007639,-0.010856657702052241,0.0318032679345408,-0.012802337757157223
2022-11-22,-0.0333680155281697,-0.020000055347319745,-0.0053426938080815,0.010812063221599999
2022-11-23,-0.03695819037534265,0.01060484387833971,0.0008656285950419118,0.01180171118107709
2022-11-24,-0.058032987101463096,0.04512001261181231,-0.02289293468651088,-0.0020451988030850687
2022-11-25,0.005876676965263838,-0.015723443684837468,-0.005209315568857398,0.010342007063219194
2022-11-28,-0.012908041079424448,0.016236611378448007,0.08377564118208602,0.015915169647670258
2022-11-29,-0.05786907557758658,-0.03374749505075392,0.031017350057245263,-0.012580714910550683
2022-11-30,0.03286921743448201,0.0011686453051886758,-0.025942945126849803,0.002046919274545811
2022-12-01,0.012940318610155987,-0.015071715976199274,-0.013737460692130443,-0.0015493415682293898
2022-12-02,0.020281166596394673,-0.007058372823432357,0.021968435560549837,-0.013925226344245534
2022-12-05,-0.030161186206658974,0.005619552003856443,0.033362593739028945,-0.011794252021760654
2022-12-06,0.043146348741851304,-0.004426230881468318,-0.0027914993335539373,-0.006151852094462784
2022-12-07,-0.057414605648258954,-0.03192663428975495,0.032689163030594104,-0.004439564346750968
2022-12-08,-0.050382311661234636,-0.018993699152870414,0.018519980542326175,-0.0024412341677328975
2022-12-09,-0.03899971676029923,-0.013116180075980255,-0.027510838545712457,0.00593717157033713
2022-12-12,-0.032390851547045574,-0.030215704793185694,-0.05164986721087028,-0.001599756641606942
2022-12-13,-0.008235281914819925,0.0464780666218263,0.030166736138832695,-0.003755243913275308
2022-12-14,-0.007027101008514114,0.024038398331777344,-0.03513085797361193,-0.01225896124793846
2022-12-15,-0.03326102654136254,-0.022297823340851952,0.013449381864620413,-0.0032180221266580045
2022-12-16,-0.014878941040814775,0.013524488514174315,-0.006277071517780786,0.019858422903279882
2022-12-19,0.05819911657434851,-0.010340917659815152,-0.0024724210643155553,0.006188557757106139
2022-12-20,-0.01012289321196258,0.00802626163947262,-0.003555697866324481,5.835834607448298e-05
2022-12-21,-0.005910041237765173,0.03294131785775245,0.03727691462467786,0.004106043152738215
2022-12-22,0.01664512422373532,-0.047346087451055174,-0.028791843127626615,0.014666907804860907
2022-12-23,0.026988555284287008,-0.0027902169028408697,0.011536116247202965,-0.004362943445629375
2022-12-26,-0.003934239799234129,0.04229995902171324,-0.021509770557058827,0.012169262213287624
2022-12-27,0.05446145631939481,-0.021896154851060445,0.012800209467487944,-0.011784236073342336
2022-12-28,-0.017284966480690667,-0.012899158057963933,-0.05616981915580155,-0.0059868587377425175
2022-12-29,-0.024256998162796584,0.006996804183594163,-0.026633299567805135,0.013371787831804705
2022-12-30,-0.029507021441463666,-0.03330616273534359,0.0021316730824239016,0.0023923809159418497
